"Date,Price,Open,High,Low,Vol.,Change %,Gia_Viet_Nam"
"03/11/2026,287.4,293.6,294.0,283.5,18.38K,-2.84%,166447.255908"
"03/10/2026,295.8,295.0,297.25,292.05,14.88K,-0.37%,171312.102636"
"03/09/2026,296.9,296.95,301.65,293.15,17.56K,1.23%,171949.16589799998"
"03/06/2026,293.3,294.25,297.5,289.65,15.61K,1.56%,169864.231586"
"03/05/2026,288.8,287.05,296.0,285.0,14.73K,0.89%,167258.063696"
"03/04/2026,286.25,283.5,289.55,282.4,15.42K,1.09%,165781.23522499998"
"03/03/2026,283.15,284.65,290.9,278.9,17.58K,-0.51%,163985.875123"
"03/02/2026,284.6,279.9,285.95,277.55,15.59K,1.37%,164825.640332"
"02/27/2026,280.75,280.75,282.6,276.1,13.70K,-0.55%,162595.918915"
"02/26/2026,282.3,284.4,285.35,280.2,9.37K,-0.90%,163493.598966"
"02/25/2026,284.85,285.0,286.75,280.75,10.74K,-0.23%,164970.427437"
"02/24/2026,285.5,276.8,285.8,275.35,15.97K,2.68%,165346.87391"
"02/23/2026,278.05,284.0,285.5,277.05,12.62K,-2.68%,161032.218181"
"02/20/2026,285.7,288.15,291.45,280.95,15.32K,0.11%,165462.703594"
"02/19/2026,285.4,285.2,287.95,275.65,19.42K,0.09%,165288.95906799997"
"02/18/2026,285.15,283.75,287.25,280.6,18.58K,0.72%,165144.17196299997"
"02/17/2026,283.1,295.05,297.2,280.15,27.32K,-5.10%,163956.917702"
"02/13/2026,298.3,298.75,305.85,296.15,18.59K,0.29%,172759.97368599998"
"02/12/2026,297.45,295.0,299.9,292.9,25.83K,1.57%,172267.697529"
"02/11/2026,292.85,291.0,295.45,289.7,27.29K,0.74%,169603.61479700002"
"02/10/2026,290.7,295.3,297.9,289.05,31.42K,-1.07%,168358.44569399997"
"02/09/2026,293.85,287.95,296.95,285.5,33.93K,-0.91%,170182.763217"
"02/06/2026,296.55,312.05,315.0,293.65,29.51K,-3.84%,171746.463951"
"02/05/2026,308.4,310.15,313.0,301.6,24.24K,-0.08%,178609.37272799996"
"02/04/2026,308.65,319.4,324.8,307.1,29.01K,-2.66%,178754.15983299998"
"02/03/2026,317.1,335.55,337.75,314.8,24.08K,-4.85%,183647.96398200002"
"02/02/2026,333.25,331.75,338.25,331.0,16.01K,0.30%,193001.210965"
"01/30/2026,332.25,344.5,345.5,330.9,25.47K,-3.84%,192422.062545"
"01/29/2026,345.5,351.55,352.55,344.6,15.06K,-1.57%,200095.77911"
"01/28/2026,351.0,371.0,372.55,349.8,21.41K,-4.42%,203281.09542"
"01/27/2026,367.25,357.2,370.0,357.0,18.39K,3.09%,212692.25724500002"
"01/26/2026,356.25,351.55,359.0,351.5,12.74K,1.52%,206321.624625"
"01/23/2026,350.9,347.75,355.35,346.85,12.67K,0.92%,203223.18057799997"
"01/22/2026,347.7,346.9,350.15,344.25,12.19K,0.06%,201369.905634"
"01/21/2026,347.5,346.3,348.2,341.8,18.70K,0.29%,201254.07595"
"01/20/2026,346.5,353.8,355.65,345.55,16.72K,-2.48%,200674.92752999996"
"01/16/2026,355.3,358.6,361.3,354.6,10.71K,-0.78%,205771.43362599998"
"01/15/2026,358.1,355.9,359.0,350.6,12.33K,0.59%,207393.049202"
"01/14/2026,356.0,362.85,363.35,353.75,13.98K,-1.18%,206176.83752"
"01/13/2026,360.25,359.05,363.55,356.65,16.54K,1.18%,208638.21830500002"
"01/12/2026,356.05,357.6,358.85,352.8,12.67K,-0.45%,206205.79494099997"
"01/09/2026,357.65,372.35,372.9,356.05,18.74K,-3.95%,207132.43241299997"
"01/08/2026,372.35,373.05,383.85,371.65,15.42K,-0.83%,215645.91418700002"
"01/07/2026,375.45,371.35,382.85,371.0,20.43K,0.43%,217441.27428899996"
"01/06/2026,373.85,358.2,374.3,356.8,26.36K,4.04%,216514.636817"
"01/05/2026,359.35,354.55,360.65,350.6,16.95K,0.57%,208116.98472700003"
"01/02/2026,357.3,348.4,358.05,345.2,11.47K,2.45%,206929.73046599998"
"12/31/2025,348.75,349.5,353.85,348.05,6.58K,-0.41%,201978.011475"
"12/30/2025,350.2,350.55,359.3,349.5,11.56K,-0.55%,202817.77668399998"
"12/29/2025,352.15,349.5,354.3,347.05,9.18K,0.54%,203947.11610299998"
"12/26/2025,350.25,345.8,350.7,344.3,7.35K,1.48%,202846.73410499998"
"12/24/2025,345.15,348.1,348.65,343.05,6.22K,-0.52%,199893.07716299998"
"12/23/2025,346.95,350.0,352.4,345.6,11.08K,-0.12%,200935.544319"
"12/22/2025,347.35,341.1,349.5,339.05,13.07K,1.97%,201167.203687"
"12/19/2025,340.65,346.6,348.55,340.0,19.77K,-1.39%,197286.90927299997"
"12/18/2025,345.45,345.45,345.45,345.45,14.22K,-1.83%,200066.82168899997"
"12/17/2025,351.9,379.2,379.3,357.15,0.06K,-7.22%,203802.32899799995"
"12/16/2025,379.3,382.0,383.8,382.0,0.04K,-2.17%,219670.995706"
"12/15/2025,387.7,397.5,397.5,386.0,0.01K,4.98%,224535.842434"
"12/12/2025,369.3,375.15,378.95,368.2,14.38K,-1.83%,213879.511506"
"12/11/2025,376.2,371.35,379.85,371.35,12.06K,1.05%,217875.635604"
"12/10/2025,372.3,368.5,376.75,366.75,12.47K,0.96%,215616.956766"
"12/09/2025,368.75,369.55,374.2,367.35,11.61K,0.70%,213560.979875"
"12/08/2025,366.2,373.2,377.75,364.85,15.78K,-2.31%,212084.15140399997"
"12/05/2025,374.85,376.7,378.4,373.25,9.38K,-1.48%,217093.78523700003"
"12/04/2025,380.5,374.0,381.0,371.4,11.53K,2.16%,220365.97381"
"12/03/2025,372.45,374.0,377.0,371.6,8.96K,-0.27%,215703.829029"
"12/02/2025,373.45,378.45,380.8,372.0,11.88K,-1.65%,216282.977449"
"12/01/2025,379.7,376.5,381.45,370.45,11.46K,-0.39%,219902.655074"
"11/28/2025,381.2,380.3,385.0,377.75,8.51K,0.40%,220771.37770399998"
"11/26/2025,379.7,380.05,383.0,375.55,8.82K,-0.94%,219902.655074"
"11/25/2025,383.3,379.9,384.0,373.65,11.31K,1.79%,221987.58938599998"
"11/24/2025,376.55,372.0,378.55,368.3,11.38K,1.92%,218078.337551"
"11/21/2025,369.45,359.8,375.05,351.65,25.46K,-1.91%,213966.383769"
"11/20/2025,376.65,375.6,381.85,374.45,9.25K,0.48%,218136.25239299997"
"11/19/2025,374.85,384.5,386.25,373.2,12.07K,-3.31%,217093.78523700003"
"11/18/2025,387.7,377.05,390.4,375.95,21.32K,2.95%,224535.842434"
"11/17/2025,376.6,378.0,382.8,369.15,20.41K,-5.80%,218107.294972"
"11/14/2025,399.8,400.2,402.95,390.0,7.81K,-0.47%,231543.538316"
"11/13/2025,401.7,402.25,405.25,398.3,9.69K,-0.48%,232643.920314"
"11/12/2025,403.65,416.0,420.55,400.6,24.21K,-4.51%,233773.25973299998"
"11/11/2025,422.7,414.75,423.95,410.7,15.23K,1.92%,244806.03713399998"
"11/10/2025,414.75,408.3,416.55,406.5,18.28K,1.70%,240201.807195"
"11/07/2025,407.8,399.05,412.65,393.65,20.88K,2.79%,236176.725676"
"11/06/2025,396.75,415.5,416.25,395.75,18.05K,-4.07%,229777.13563499998"
"11/05/2025,413.6,403.35,418.05,403.0,19.19K,2.06%,239535.786512"
"11/04/2025,405.25,408.05,415.95,403.2,13.46K,-0.34%,234699.897205"
"11/03/2025,406.65,392.75,409.4,392.75,15.57K,3.72%,235510.704993"
"10/31/2025,392.05,393.55,396.6,385.0,10.84K,0.01%,227055.13806099998"
"10/30/2025,392.0,394.7,394.7,382.85,12.55K,0.33%,227026.18063999998"
"10/29/2025,390.7,390.85,392.45,382.15,13.19K,0.72%,226273.287694"
"10/28/2025,387.9,390.0,395.0,380.4,16.87K,-0.56%,224651.67211799996"
"10/27/2025,390.1,397.0,400.65,388.4,13.78K,-3.20%,225925.79864199998"
"10/24/2025,403.0,411.05,414.3,399.95,13.97K,-1.74%,233396.81326000002"
"10/23/2025,410.15,422.9,437.95,408.0,21.41K,-2.54%,237537.72446299996"
"10/22/2025,420.85,416.0,427.0,413.75,16.42K,1.77%,243734.61255700001"
"10/21/2025,413.55,404.2,415.0,402.2,11.82K,1.85%,239506.829091"
"10/20/2025,406.05,401.3,410.05,401.3,10.30K,2.16%,235163.21594099997"
"10/17/2025,397.45,392.95,401.9,386.25,14.47K,0.93%,230182.53952899997"
"10/16/2025,393.8,388.85,404.05,385.75,13.00K,-0.28%,228068.647796"
"10/15/2025,394.9,399.7,418.5,390.15,21.02K,-1.19%,228705.71105799996"
"10/14/2025,399.65,383.35,405.25,381.4,20.99K,3.75%,231456.666053"
"10/13/2025,385.2,373.2,387.1,373.2,12.11K,3.26%,223087.97138399997"
"10/10/2025,373.05,376.8,382.85,370.6,12.38K,-1.11%,216051.318081"
"10/09/2025,377.25,385.5,387.95,376.7,10.12K,-2.04%,218483.741445"
"10/08/2025,385.1,376.85,386.2,373.95,12.51K,2.58%,223030.056542"
"10/07/2025,375.4,381.6,382.3,372.15,12.08K,-1.56%,217412.316868"
"10/06/2025,381.35,384.9,390.35,377.5,13.52K,-2.41%,220858.24996699998"
"10/03/2025,390.75,383.25,392.35,381.05,12.45K,3.35%,226302.245115"
"10/02/2025,378.1,385.25,386.2,375.1,8.36K,-1.51%,218976.017602"
"10/01/2025,383.9,372.35,384.75,366.6,13.23K,2.41%,222335.078438"
"09/30/2025,374.85,373.2,380.7,370.5,13.06K,0.71%,217093.78523700003"
"09/29/2025,372.2,381.05,388.3,370.3,14.28K,-1.55%,215559.04192399996"
"09/26/2025,378.05,375.0,384.0,372.6,14.48K,1.80%,218947.060181"
"09/25/2025,371.35,371.5,378.4,361.25,14.51K,0.98%,215066.76576700003"
"09/24/2025,367.75,351.9,368.75,350.95,18.07K,5.03%,212981.83145499998"
"09/23/2025,350.15,365.5,368.85,349.45,25.34K,-4.68%,202788.81926299998"
"09/22/2025,367.35,369.2,370.15,360.55,12.99K,0.23%,212750.172087"
"09/19/2025,366.5,381.8,384.4,356.25,25.30K,-5.01%,212257.89592999997"
"09/18/2025,385.85,385.85,385.85,385.85,18.18K,-0.69%,223464.417857"
"09/17/2025,388.55,388.55,388.55,388.55,28.92K,-7.98%,225028.11859099998"
"09/16/2025,422.25,428.7,431.3,422.0,0.02K,-2.34%,244545.42034499996"
"09/15/2025,432.35,422.9,425.15,422.9,0.02K,5.28%,250394.81938700003"
"09/12/2025,410.65,410.65,410.65,410.65,18.54K,6.36%,237827.29867299998"
"09/11/2025,386.1,385.2,388.7,382.1,11.41K,-0.21%,223609.20496200002"
"09/10/2025,386.9,382.8,389.7,381.35,12.05K,1.34%,224072.52369799995"
"09/09/2025,381.8,386.0,393.0,380.45,14.40K,-0.79%,221118.866756"
"09/08/2025,384.85,371.0,385.85,369.05,15.88K,3.00%,222885.26943699998"
"09/05/2025,373.65,373.3,376.1,368.2,10.12K,-0.20%,216398.80713300002"
"09/04/2025,374.4,371.5,381.7,367.6,15.39K,0.20%,216833.16844799998"
"09/03/2025,373.65,371.0,379.0,368.55,12.45K,0.89%,216398.80713300002"
"09/02/2025,370.35,377.1,381.9,365.5,21.61K,-4.08%,214487.617347"
"08/29/2025,386.1,378.0,388.7,371.05,17.72K,2.28%,223609.20496200002"
"08/28/2025,377.5,383.0,391.3,374.7,18.44K,-2.02%,218628.52855"
"08/27/2025,385.3,371.2,386.55,364.8,19.18K,3.49%,223145.886226"
"08/26/2025,372.3,375.05,376.3,363.9,17.50K,-1.44%,215616.956766"
"08/25/2025,377.75,378.15,387.1,374.65,14.73K,-0.15%,218773.315655"
"08/22/2025,378.3,364.9,380.45,362.35,19.04K,3.64%,219091.847286"
"08/21/2025,365.0,352.65,366.0,351.25,20.44K,3.27%,211389.17330000002"
"08/20/2025,353.45,350.05,357.8,345.5,26.47K,1.26%,204700.009049"
"08/19/2025,349.05,338.05,352.05,337.6,24.00K,3.87%,202151.756001"
"08/18/2025,336.05,334.8,339.6,325.55,21.84K,0.55%,194622.826541"
"08/15/2025,334.2,320.1,336.8,318.2,23.84K,4.86%,193551.401964"
"08/14/2025,318.7,312.9,321.0,308.75,19.76K,1.94%,184574.601454"
"08/13/2025,312.65,310.25,317.6,309.15,23.61K,1.41%,181070.75351299997"
"08/12/2025,308.3,314.75,320.3,303.7,21.36K,-1.83%,178551.45788600002"
"08/11/2025,314.05,300.0,317.6,299.15,32.62K,1.52%,181881.561301"
"08/08/2025,309.35,297.8,309.95,297.8,27.80K,3.88%,179159.563727"
"08/07/2025,297.8,297.2,299.35,292.5,18.68K,1.50%,172470.39947600002"
"08/06/2025,293.4,297.55,300.15,292.05,14.57K,-1.77%,169922.14642799998"
"08/05/2025,298.7,289.25,299.6,288.05,16.40K,3.52%,172991.63305399998"
"08/04/2025,288.55,287.1,294.05,286.05,13.11K,1.53%,167113.276591"
"08/01/2025,284.2,294.1,297.05,283.65,15.43K,-3.92%,164593.980964"
"07/31/2025,295.8,297.0,303.6,294.05,12.20K,0.82%,171312.102636"
"07/30/2025,293.4,297.65,301.8,290.55,12.57K,-1.05%,169922.14642799998"
"07/29/2025,296.5,301.25,301.75,288.95,15.27K,-1.72%,171717.50653"
"07/28/2025,301.7,300.0,306.0,298.8,12.05K,1.39%,174729.07831399998"
"07/25/2025,297.55,305.0,307.45,297.25,10.08K,-2.39%,172325.612371"
"07/24/2025,304.85,299.25,307.2,298.45,10.89K,1.16%,176553.39583700002"
"07/23/2025,301.35,297.9,302.5,292.85,10.60K,1.69%,174526.37636700002"
"07/22/2025,296.35,291.95,298.55,285.75,11.51K,-0.30%,171630.63426700002"
"07/21/2025,297.25,297.25,297.25,297.25,13.13K,-3.77%,172151.867845"
"07/18/2025,308.9,308.9,308.9,308.9,11.40K,-1.15%,178898.94693799995"
"07/17/2025,312.5,312.5,312.5,312.5,13.30K,-0.65%,180983.88125"
"07/16/2025,314.55,312.55,312.55,312.55,0.01K,4.29%,182171.135511"
"07/15/2025,301.6,301.6,301.6,301.6,12.38K,-0.08%,174671.16347200001"
"07/14/2025,301.85,286.9,303.65,286.85,20.55K,5.36%,174815.95057699998"
"07/11/2025,286.5,288.7,297.6,285.05,16.56K,-0.45%,165926.02233"
"07/10/2025,287.8,278.65,294.55,277.6,21.64K,1.32%,166678.915276"
"07/09/2025,284.05,285.1,288.2,281.2,12.45K,-0.54%,164507.10870100002"
"07/08/2025,285.6,279.0,286.35,277.25,15.70K,2.64%,165404.78875200002"
"07/07/2025,278.25,287.6,289.35,277.55,16.73K,-3.92%,161148.047865"
"07/03/2025,289.6,290.0,294.0,284.3,11.06K,-0.55%,167721.382432"
"07/02/2025,291.2,290.05,292.25,279.6,18.32K,-0.26%,168648.019904"
"07/01/2025,291.95,298.4,300.0,288.0,16.07K,-2.72%,169082.38121899997"
"06/30/2025,300.1,302.9,307.35,297.55,11.58K,-1.20%,173802.440842"
"06/27/2025,303.75,304.75,307.05,293.15,14.74K,-0.62%,175916.33257499998"
"06/26/2025,305.65,304.3,308.25,301.75,11.13K,0.38%,177016.71457299998"
"06/25/2025,304.5,317.5,322.6,300.6,21.73K,-2.20%,176350.69389"
"06/24/2025,311.35,326.0,326.0,311.0,17.65K,-4.65%,180317.860567"
"06/23/2025,326.55,311.55,327.55,311.55,15.88K,3.65%,189120.916551"
"06/20/2025,315.05,322.85,328.65,311.85,18.79K,-2.25%,182460.70972100002"
"06/18/2025,322.3,330.4,331.2,318.05,21.66K,-3.05%,186659.53576600002"
"06/17/2025,332.45,342.6,344.05,330.6,18.70K,-2.29%,192537.892229"
"06/16/2025,340.25,345.9,349.8,339.25,13.76K,-1.66%,197055.249905"
"06/13/2025,346.0,343.25,348.2,334.3,24.24K,0.20%,200385.35332"
"06/12/2025,345.3,347.2,349.55,343.3,20.10K,-0.95%,199979.949426"
"06/11/2025,348.6,353.55,356.35,347.35,15.31K,-1.26%,201891.139212"
"06/10/2025,353.05,359.65,370.4,351.6,21.69K,-1.77%,204468.349681"
"06/09/2025,359.4,354.85,361.85,352.45,19.18K,0.38%,208145.94214799997"
"06/06/2025,358.05,362.25,376.4,356.3,25.71K,-0.47%,207364.09178100002"
"06/05/2025,359.75,348.15,361.65,347.55,20.19K,3.93%,208348.644095"
"06/04/2025,346.15,340.85,347.7,339.55,12.78K,1.55%,200472.22558299996"
"06/03/2025,340.85,342.25,344.05,336.55,13.97K,-1.05%,197402.73895700002"
"06/02/2025,344.45,340.4,347.25,338.45,16.73K,0.58%,199487.673269"
"05/30/2025,342.45,348.6,351.0,341.2,14.94K,-1.71%,198329.376429"
"05/29/2025,348.4,352.95,357.3,347.15,13.38K,-1.01%,201775.30952799995"
"05/28/2025,351.95,359.2,360.05,350.15,15.42K,-2.70%,203831.286419"
"05/27/2025,361.7,359.1,364.85,355.55,12.12K,0.19%,209477.983514"
"05/23/2025,361.0,361.7,363.0,355.25,10.66K,0.07%,209072.57962"
"05/22/2025,360.75,368.45,368.45,359.2,14.75K,-2.58%,208927.792515"
"05/21/2025,370.3,370.0,375.2,366.4,7.63K,0.27%,214458.659926"
"05/20/2025,369.3,374.0,379.25,368.2,9.93K,-1.82%,213879.511506"
"05/19/2025,376.15,377.85,378.55,377.85,0.03K,-0.03%,217846.678183"
"05/16/2025,376.25,384.15,384.15,375.65,0.11K,-2.26%,217904.59302499998"
"05/15/2025,384.95,375.0,383.0,375.0,0.02K,2.94%,222943.18427899995"
"05/14/2025,373.95,378.75,378.75,373.75,0.03K,-2.83%,216572.551659"
"05/13/2025,384.85,380.0,380.0,380.0,0.03K,3.19%,222885.26943699998"
"05/12/2025,372.95,388.0,390.1,372.25,18.73K,-3.82%,215993.40323899995"
"05/09/2025,387.75,386.65,391.2,385.2,9.49K,0.10%,224564.799855"
"05/08/2025,387.35,385.6,387.95,382.2,8.22K,0.85%,224333.14048700003"
"05/07/2025,384.1,389.35,393.25,382.5,10.78K,-1.47%,222450.90812200002"
"05/06/2025,389.85,386.05,394.0,384.1,9.96K,0.41%,225781.01153700004"
"05/05/2025,388.25,382.4,392.0,379.55,8.16K,0.74%,224854.37406500004"
"05/02/2025,385.4,386.7,392.75,381.75,10.04K,0.19%,223203.801068"
"05/01/2025,384.65,399.05,399.3,382.4,14.29K,-4.02%,222769.43975299998"
"04/30/2025,400.75,400.2,407.1,396.2,11.81K,0.24%,232093.729315"
"04/29/2025,399.8,410.0,418.9,396.7,14.53K,-2.50%,231543.538316"
"04/28/2025,410.05,395.9,411.3,392.95,13.63K,2.55%,237479.809621"
"04/25/2025,399.85,396.55,410.5,395.8,17.48K,0.26%,231572.495737"
"04/24/2025,398.8,384.0,399.8,381.45,14.88K,3.38%,230964.38989599998"
"04/23/2025,385.75,375.5,390.55,374.5,14.10K,3.49%,223406.50301499997"
"04/22/2025,372.75,366.55,375.5,362.5,11.58K,2.25%,215877.57355499998"
"04/21/2025,364.55,371.75,376.55,362.3,10.47K,-2.16%,211128.556511"
"04/17/2025,372.6,375.05,378.45,367.2,12.50K,-0.32%,215790.701292"
"04/16/2025,373.8,366.0,376.75,362.05,12.91K,1.81%,216485.679396"
"04/15/2025,367.15,360.8,370.4,360.8,19.85K,2.41%,212634.34240299996"
"04/14/2025,358.5,357.5,363.85,352.1,19.26K,0.22%,207624.70857"
"04/11/2025,357.7,345.95,360.7,341.6,23.38K,4.33%,207161.389834"
"04/10/2025,342.85,360.1,361.5,342.15,20.19K,0.34%,198561.03579700002"
"04/09/2025,341.7,341.15,353.75,325.2,28.74K,-0.35%,197895.01511399998"
"04/08/2025,342.9,345.0,350.15,340.5,25.85K,-0.55%,198589.993218"
"04/07/2025,344.8,362.5,364.5,338.6,37.08K,-5.72%,199690.375216"
"04/04/2025,365.7,386.55,389.35,364.9,24.92K,-5.07%,211794.57719399998"
"04/03/2025,385.25,386.4,391.0,376.9,16.45K,-0.93%,223116.92880499997"
"04/02/2025,388.85,389.05,393.7,382.15,13.89K,-0.05%,225201.863117"
"04/01/2025,389.05,379.25,391.45,372.25,18.43K,2.45%,225317.69280100003"
"03/31/2025,379.75,380.0,386.4,378.55,14.17K,-0.05%,219931.61249499998"
"03/28/2025,379.95,380.8,384.8,377.55,15.50K,0.30%,220047.44217899998"
"03/27/2025,378.8,392.0,392.1,375.6,21.79K,-3.37%,219381.421496"
"03/26/2025,392.0,400.0,405.4,388.55,14.38K,-1.64%,227026.18063999998"
"03/25/2025,398.55,393.45,401.0,392.1,12.35K,1.31%,230819.602791"
"03/24/2025,393.4,391.45,402.4,390.6,13.31K,0.51%,227836.988428"
"03/21/2025,391.4,392.0,395.75,386.5,12.38K,-0.19%,226678.69158799996"
"03/20/2025,392.15,389.3,397.6,386.05,14.04K,-0.62%,227113.05290299997"
"03/19/2025,394.6,394.15,394.15,394.1,0.02K,1.92%,228531.966532"
"03/18/2025,387.15,386.0,391.95,383.7,0.02K,-0.57%,224217.31080299997"
"03/17/2025,389.35,382.75,382.75,382.75,0.01K,1.90%,225491.437327"
"03/14/2025,382.1,382.1,382.1,382.1,16.67K,-0.93%,221292.61128200003"
"03/13/2025,385.7,388.8,391.7,377.05,18.70K,-0.27%,223377.54559400002"
"03/12/2025,386.75,394.0,396.4,383.15,17.15K,-1.78%,223985.65143499998"
"03/11/2025,393.75,384.7,395.5,382.0,13.05K,2.54%,228039.69037499998"
"03/10/2025,384.0,387.0,391.6,380.85,12.98K,-0.10%,222392.99328000002"
"03/07/2025,384.4,389.0,392.05,379.05,16.31K,-0.71%,222624.65264799996"
"03/06/2025,387.15,405.05,407.9,385.75,20.87K,-5.56%,224217.31080299997"
"03/05/2025,409.95,402.0,418.55,402.0,21.23K,2.90%,237421.89477900002"
"03/04/2025,398.4,389.85,401.55,385.6,19.50K,3.04%,230732.73052799996"
"03/03/2025,386.65,375.7,389.95,375.7,15.93K,3.65%,223927.736593"
"02/28/2025,373.05,374.9,379.05,369.7,12.80K,-0.15%,216051.318081"
"02/27/2025,373.6,371.6,382.65,369.05,12.18K,-0.43%,216369.849712"
"02/26/2025,375.2,372.8,377.55,366.3,14.59K,-0.19%,217296.48718400003"
"02/25/2025,375.9,384.8,385.8,370.25,19.95K,-2.31%,217701.891078"
"02/24/2025,384.8,389.25,392.4,380.2,14.26K,-1.14%,222856.31201600004"
"02/21/2025,389.25,390.0,394.0,383.85,16.85K,-0.17%,225433.522485"
"02/20/2025,389.9,410.2,410.2,386.85,29.23K,-5.34%,225809.96895799998"
"02/19/2025,411.9,411.0,424.5,409.45,24.49K,1.64%,238551.23419799996"
"02/18/2025,405.25,406.0,409.25,391.35,33.57K,-0.53%,234699.897205"
"02/14/2025,407.4,422.25,423.9,398.85,27.18K,-4.16%,235945.066308"
"02/13/2025,425.1,417.0,426.7,412.45,28.27K,1.17%,246195.993342"
"02/12/2025,420.2,405.95,421.15,405.3,28.36K,3.91%,243358.166084"
"02/11/2025,404.4,425.0,429.95,401.05,35.48K,-3.97%,234207.62104799997"
"02/10/2025,421.1,400.15,424.1,400.15,36.68K,4.14%,243879.39966200004"
"02/07/2025,404.35,403.25,413.95,399.95,25.61K,0.10%,234178.663627"
"02/06/2025,403.95,402.0,411.25,398.7,25.38K,1.56%,233947.004259"
"02/05/2025,397.75,385.9,401.1,381.6,26.19K,3.76%,230356.284055"
"02/04/2025,383.35,385.1,389.9,380.9,19.98K,0.64%,222016.546807"
"02/03/2025,380.9,375.85,388.95,373.4,25.16K,0.81%,220597.63317799996"
"01/31/2025,377.85,380.0,381.05,366.2,25.87K,1.19%,218831.23049699998"
"01/30/2025,373.4,368.0,376.85,365.35,20.67K,1.87%,216254.020028"
"01/29/2025,366.55,360.25,369.45,359.2,22.49K,2.53%,212286.853351"
"01/28/2025,357.5,352.55,358.9,346.8,15.98K,2.38%,207045.56015"
"01/27/2025,349.2,348.75,355.55,345.2,19.56K,0.47%,202238.62826399997"
"01/24/2025,347.55,345.0,349.8,341.9,13.67K,1.05%,201283.033371"
"01/23/2025,343.95,342.0,348.9,338.85,20.10K,0.61%,199198.09905899997"
"01/22/2025,341.85,331.2,342.95,327.5,20.01K,4.29%,197981.887377"
"01/21/2025,327.8,330.4,336.25,327.1,16.31K,-0.17%,189844.852076"
"01/17/2025,328.35,328.9,332.45,325.9,12.50K,0.37%,190163.38370700003"
"01/16/2025,327.15,330.55,332.05,325.2,12.58K,-1.00%,189468.405603"
"01/15/2025,330.45,322.5,331.2,321.05,12.30K,2.64%,191379.595389"
"01/14/2025,321.95,325.5,328.85,321.05,16.25K,-1.23%,186456.83381899996"
"01/13/2025,325.95,322.9,333.85,322.1,19.36K,0.65%,188773.42749899998"
"01/10/2025,323.85,319.5,325.85,317.75,15.99K,1.68%,187557.215817"
"01/09/2025,318.5,321.0,322.0,316.65,14.25K,0.65%,184458.77177"
"01/08/2025,316.45,320.65,324.3,314.9,21.11K,-1.26%,183271.517509"
"01/07/2025,320.5,320.65,323.1,317.75,12.72K,0.60%,185617.06861"
"01/06/2025,318.6,318.65,328.6,317.05,15.99K,-0.02%,184516.686612"
"01/03/2025,318.65,324.75,326.25,317.65,11.89K,-2.51%,184545.644033"
"01/02/2025,326.85,321.55,329.8,319.75,14.74K,2.22%,189294.661077"
"12/31/2024,319.75,318.85,321.3,312.15,14.69K,-0.39%,185182.707295"
"12/30/2024,321.0,322.15,323.85,316.8,12.65K,-0.51%,185906.64281999998"
"12/27/2024,322.65,323.65,325.5,318.4,11.07K,-0.62%,186862.237713"
"12/26/2024,324.65,330.0,331.5,322.35,7.16K,-1.20%,188020.53455299998"
"12/24/2024,328.6,327.05,329.55,322.05,7.21K,0.41%,190308.170812"
"12/23/2024,327.25,325.0,329.75,320.85,10.32K,0.69%,189526.320445"
"12/20/2024,325.0,325.5,329.5,319.0,15.02K,0.39%,188223.2365"
"12/19/2024,323.75,332.65,341.8,321.5,26.44K,-2.82%,187499.300975"
"12/18/2024,333.15,333.15,333.15,333.15,17.91K,2.37%,192943.29612299998"
"12/17/2024,325.45,322.6,322.6,322.6,0.00K,-1.00%,188483.85328899996"
"12/16/2024,328.75,328.25,328.25,328.25,0.00K,2.46%,190395.043075"
"12/13/2024,320.85,320.85,320.85,320.85,15.43K,-0.54%,185819.770557"
"12/12/2024,322.6,322.6,322.6,322.6,17.45K,0.28%,186833.28029199998"
"12/11/2024,321.7,321.7,321.7,321.7,23.42K,-4.16%,186312.046714"
"12/10/2024,335.65,343.85,347.35,343.7,0.02K,1.01%,194391.16717299997"
"12/09/2024,332.3,332.3,332.3,332.3,27.65K,-0.06%,192451.019966"
"12/06/2024,332.5,315.95,331.7,313.7,26.34K,5.30%,192566.84965000002"
"12/05/2024,315.75,310.75,312.45,307.85,0.00K,3.20%,182866.11361499998"
"12/04/2024,305.95,306.6,306.6,305.8,0.02K,2.77%,177190.45909899997"
"12/03/2024,297.7,298.35,303.45,293.75,0.05K,-0.50%,172412.48463399996"
"12/02/2024,299.2,318.1,318.1,297.6,0.03K,-6.98%,173281.207264"
"11/29/2024,321.65,334.5,335.0,324.3,1.14K,-1.38%,186283.089293"
"11/27/2024,326.15,320.0,329.5,319.65,0.03K,4.49%,188889.257183"
"11/26/2024,312.15,310.05,313.0,310.05,0.02K,1.23%,180781.17930299998"
"11/25/2024,308.35,308.3,312.8,307.25,0.08K,1.02%,178580.41530700002"
"11/22/2024,305.25,296.55,306.25,296.55,0.04K,2.21%,176785.05520499998"
"11/21/2024,298.65,300.0,300.0,295.75,0.09K,1.13%,172962.67563299998"
"11/20/2024,295.3,288.0,296.95,286.3,0.25K,5.56%,171022.528426"
"11/19/2024,279.75,281.7,287.2,277.75,6.89K,-0.36%,162016.77049499998"
"11/18/2024,280.75,284.25,290.2,278.35,7.71K,-0.37%,162595.918915"
"11/15/2024,281.8,274.95,283.9,274.95,10.32K,1.02%,163204.02475599997"
"11/14/2024,278.95,271.65,285.05,270.95,9.89K,2.69%,161553.45175899996"
"11/13/2024,271.65,262.9,272.95,260.75,16.03K,3.07%,157325.668293"
"11/12/2024,263.55,256.75,266.4,256.7,23.93K,2.87%,152634.566091"
"11/11/2024,256.2,253.35,258.7,253.35,27.43K,1.12%,148377.825204"
"11/08/2024,253.35,258.0,259.95,252.75,43.85K,-2.71%,146727.25220699998"
"11/07/2024,260.4,250.15,261.4,249.5,38.86K,4.68%,150810.24856799998"
"11/06/2024,248.75,248.6,250.8,244.15,24.33K,-0.56%,144063.169475"
"11/05/2024,250.15,246.55,252.25,246.0,28.77K,1.71%,144873.97726299998"
"11/04/2024,245.95,243.85,246.55,242.1,24.03K,1.23%,142441.553899"
"11/01/2024,242.95,246.3,249.25,241.3,23.12K,-1.20%,140704.108639"
"10/31/2024,245.9,249.0,249.5,244.35,17.38K,-1.48%,142412.596478"
"10/30/2024,249.6,248.7,250.55,245.15,16.87K,0.60%,144555.445632"
"10/29/2024,248.1,253.2,254.25,247.85,13.58K,-1.68%,143686.72300199998"
"10/28/2024,252.35,247.25,255.65,246.25,17.94K,1.59%,146148.10378699997"
"10/25/2024,248.4,245.85,248.75,244.4,15.94K,1.20%,143860.467528"
"10/24/2024,245.45,251.9,256.1,244.1,21.96K,-2.73%,142151.97968899997"
"10/23/2024,252.35,249.25,253.85,247.4,15.43K,1.00%,146148.10378699997"
"10/22/2024,249.85,252.5,255.7,248.55,17.53K,-0.73%,144700.23273699998"
"10/21/2024,251.7,253.5,254.05,248.05,16.92K,-2.18%,145771.65731399998"
"10/18/2024,257.3,254.0,259.1,253.1,11.06K,0.84%,149014.888466"
"10/17/2024,255.15,257.1,261.0,253.4,13.29K,-1.10%,147769.719363"
"10/16/2024,258.0,258.0,259.55,254.8,13.09K,0.51%,149420.29236"
"10/15/2024,256.7,261.7,264.15,255.35,14.78K,-2.04%,148667.399414"
"10/14/2024,262.05,251.05,262.65,250.3,16.92K,3.97%,151765.84346099998"
"10/11/2024,252.05,254.25,256.45,251.0,13.85K,-1.06%,145974.359261"
"10/10/2024,254.75,248.05,257.1,247.4,15.93K,1.88%,147538.05999500002"
"10/09/2024,250.05,247.75,252.9,246.6,14.32K,0.75%,144816.062421"
"10/08/2024,248.2,248.05,248.9,244.05,16.06K,1.45%,143744.63784399998"
"10/07/2024,244.65,252.85,253.65,243.35,26.38K,-4.93%,141688.660953"
"10/04/2024,257.35,253.85,257.75,252.0,14.34K,2.10%,149043.84588700003"
"10/03/2024,252.05,257.95,258.5,251.4,16.85K,-1.73%,145974.359261"
"10/02/2024,256.5,265.5,267.5,255.75,24.17K,-2.90%,148551.56973"
"10/01/2024,264.15,269.8,271.45,261.5,19.96K,-2.26%,152982.05514299998"
"09/30/2024,270.25,268.15,272.15,264.1,18.34K,0.41%,156514.860505"
"09/27/2024,269.15,272.0,273.15,264.6,14.95K,-1.73%,155877.79724299998"
"09/26/2024,273.9,268.75,275.05,267.95,15.57K,1.78%,158628.752238"
"09/25/2024,269.1,267.0,271.2,263.2,15.05K,0.49%,155848.83982200004"
"09/24/2024,267.8,263.65,270.4,262.7,19.28K,1.57%,155095.94687600003"
"09/23/2024,263.65,251.9,264.4,250.1,21.10K,5.14%,152692.48093299998"
"09/20/2024,250.75,261.8,262.1,247.7,23.78K,-4.17%,145221.466315"
"09/19/2024,261.65,260.6,263.0,257.3,14.17K,-0.57%,151534.18409299996"
"09/18/2024,263.15,265.7,265.7,265.7,0.00K,-0.70%,152402.906723"
"09/17/2024,265.0,264.2,265.05,264.2,0.00K,2.30%,153474.3313"
"09/16/2024,259.05,258.0,271.8,257.55,24.44K,-1.14%,150028.398201"
"09/13/2024,262.05,261.75,261.75,261.75,0.00K,3.99%,151765.84346099998"
"09/12/2024,252.0,247.15,250.95,246.3,14.57K,1.02%,145945.40184"
"09/11/2024,249.45,247.85,247.85,247.85,0.00K,0.58%,144468.573369"
"09/10/2024,248.0,245.9,251.25,244.75,17.36K,-0.58%,143628.80816"
"09/09/2024,249.45,238.1,246.2,238.1,20.06K,3.92%,144468.573369"
"09/06/2024,240.05,246.5,246.5,240.0,0.00K,-2.66%,139024.578221"
"09/05/2024,246.6,243.7,248.55,242.25,14.98K,0.43%,142818.000372"
"09/04/2024,245.55,246.45,246.45,246.1,0.00K,-0.49%,142209.89453100003"
"09/03/2024,246.75,246.65,246.65,246.65,0.02K,-0.58%,142904.87263499998"
"08/30/2024,248.2,255.45,255.5,250.3,0.02K,-1.43%,143744.63784399998"
"08/29/2024,251.8,258.7,258.7,250.3,0.05K,-3.32%,145829.572156"
"08/28/2024,260.45,259.0,259.05,259.0,0.01K,0.40%,150839.20598899998"
"08/27/2024,259.4,259.15,263.65,254.65,0.06K,2.27%,150231.10014799997"
"08/26/2024,253.65,249.4,253.25,248.4,0.01K,0.98%,146900.99673299998"
"08/23/2024,251.2,246.8,251.35,245.05,0.05K,1.78%,145482.08310399996"
"08/22/2024,246.8,253.3,253.3,244.5,0.25K,-1.06%,142933.830056"
"08/21/2024,249.45,247.0,253.0,244.0,4.07K,0.00%,144468.573369"
"08/20/2024,249.45,247.9,254.5,245.8,5.94K,1.44%,144468.573369"
"08/19/2024,245.9,245.5,249.8,242.6,5.27K,0.18%,142412.596478"
"08/16/2024,245.45,239.1,245.8,238.55,8.50K,2.31%,142151.97968899997"
"08/15/2024,239.9,236.8,240.35,234.3,7.42K,1.22%,138937.705958"
"08/14/2024,237.0,232.75,238.95,232.05,10.30K,1.85%,137258.17554"
"08/13/2024,232.7,235.8,237.15,230.1,24.08K,-3.38%,134767.83733399998"
"08/12/2024,240.85,245.5,249.45,239.25,25.85K,2.91%,139487.896957"
"08/09/2024,234.05,245.3,246.05,232.25,44.48K,-4.59%,135549.68770100002"
"08/08/2024,245.3,245.25,251.75,243.1,37.13K,-0.41%,142065.107426"
"08/07/2024,246.3,235.35,248.0,235.25,40.13K,4.39%,142644.255846"
"08/06/2024,235.95,229.85,238.85,229.55,31.48K,4.54%,136650.06969899999"
"08/05/2024,225.7,227.35,227.9,221.0,24.82K,-2.08%,130713.798394"
"08/02/2024,230.5,227.25,231.75,226.45,16.95K,1.43%,133493.71081"
"08/01/2024,227.25,229.2,231.15,225.25,19.19K,-0.85%,131611.478445"
"07/31/2024,229.2,230.5,235.4,227.1,22.04K,-0.69%,132740.81786399998"
"07/30/2024,230.8,230.85,233.2,228.25,15.92K,0.17%,133667.455336"
"07/29/2024,230.4,230.35,233.6,228.1,16.27K,0.07%,133435.795968"
"07/26/2024,230.25,232.55,233.0,229.8,13.31K,-1.90%,133348.923705"
"07/25/2024,234.7,231.35,235.45,228.55,26.64K,1.54%,135926.134174"
"07/24/2024,231.15,238.0,238.6,230.55,29.80K,-3.32%,133870.15728299998"
"07/23/2024,239.1,242.5,243.1,238.25,13.52K,-1.63%,138474.387222"
"07/22/2024,243.05,237.7,244.55,236.5,15.36K,2.04%,140762.023481"
"07/19/2024,238.2,241.85,241.85,233.6,20.95K,-2.14%,137953.153644"
"07/18/2024,243.4,243.6,245.4,240.5,14.40K,-1.60%,140964.725428"
"07/17/2024,247.35,245.5,247.0,241.8,17.47K,0.79%,143252.361687"
"07/16/2024,245.4,243.35,245.85,242.2,12.56K,0.51%,142123.02226799997"
"07/15/2024,244.15,249.3,249.5,248.5,0.00K,-2.52%,141399.086743"
"07/12/2024,250.45,245.75,249.7,241.2,19.84K,1.50%,145047.721789"
"07/11/2024,246.75,247.1,247.1,247.1,0.00K,0.43%,142904.87263499998"
"07/10/2024,245.7,249.0,249.0,248.1,0.00K,-2.50%,142296.766794"
"07/09/2024,252.0,233.65,252.35,233.15,38.89K,6.69%,145945.40184"
"07/08/2024,236.2,236.7,236.7,236.7,0.00K,2.56%,136794.85680399998"
"07/05/2024,230.3,228.5,233.05,226.35,17.56K,1.93%,133377.881126"
"07/03/2024,225.95,228.05,228.05,228.05,0.00K,-1.37%,130858.58549899998"
"07/02/2024,229.1,231.15,233.05,230.5,0.01K,1.06%,132682.90302199998"
"07/01/2024,226.7,226.25,226.25,224.35,0.11K,-0.98%,131292.946814"
"06/28/2024,228.95,224.5,229.1,224.5,0.01K,0.31%,132596.030759"
"06/27/2024,228.25,229.35,229.35,229.35,0.00K,0.84%,132190.626865"
"06/26/2024,226.35,232.8,232.9,226.1,0.02K,-2.10%,131090.24486699997"
"06/25/2024,231.2,237.15,237.2,231.0,0.02K,-2.86%,133899.11470399998"
"06/24/2024,238.0,231.6,237.4,231.6,0.06K,5.05%,137837.32395999998"
"06/21/2024,226.55,229.4,232.65,226.55,0.05K,-1.61%,131206.07455100003"
"06/20/2024,230.25,228.8,236.9,228.0,0.39K,1.75%,133348.923705"
"06/18/2024,226.3,227.5,228.65,222.5,9.74K,-0.37%,131061.287446"
"06/17/2024,227.15,225.7,227.55,223.05,9.36K,1.34%,131553.563603"
"06/14/2024,224.15,225.5,227.35,222.95,10.93K,-0.84%,129816.118343"
"06/13/2024,226.05,224.35,229.3,224.1,13.55K,0.76%,130916.500341"
"06/12/2024,224.35,219.35,227.35,215.0,33.75K,1.72%,129931.94802699999"
"06/11/2024,220.55,221.6,224.7,218.85,30.59K,-0.38%,127731.18403100001"
"06/10/2024,221.4,225.0,226.45,219.05,33.33K,-1.51%,128223.46018800001"
"06/07/2024,224.8,233.45,234.1,223.6,49.02K,-4.01%,130192.56481600001"
"06/06/2024,234.2,232.0,239.8,231.8,30.87K,0.97%,135636.559964"
"06/05/2024,231.95,230.25,233.25,226.35,29.24K,-0.83%,134333.476019"
"06/04/2024,233.9,226.1,234.2,223.55,24.66K,3.24%,135462.815438"
"06/03/2024,226.55,221.15,229.3,220.9,18.58K,1.89%,131206.07455100003"
"05/31/2024,222.35,234.1,237.75,220.55,29.76K,-4.57%,128773.65118700001"
"05/30/2024,233.0,228.25,235.45,225.5,20.87K,1.55%,134941.58185999998"
"05/29/2024,229.45,229.0,236.25,228.05,25.75K,-0.65%,132885.60496899998"
"05/28/2024,230.95,220.0,233.2,219.25,29.78K,5.82%,133754.32759899998"
"05/24/2024,218.25,215.3,220.2,213.05,15.83K,1.21%,126399.14266499999"
"05/23/2024,215.65,221.0,221.8,212.05,24.02K,-2.18%,124893.356773"
"05/22/2024,220.45,218.65,221.15,216.65,22.05K,1.50%,127673.269189"
"05/21/2024,217.2,207.0,219.1,206.35,29.46K,3.77%,125791.036824"
"05/20/2024,209.3,205.9,207.95,203.65,19.96K,0.55%,121215.76430600001"
"05/17/2024,208.15,198.4,207.15,197.9,18.36K,4.31%,120549.743623"
"05/16/2024,199.55,199.4,200.35,196.75,10.99K,-0.84%,115569.06721100002"
"05/15/2024,201.25,202.3,202.3,202.3,0.00K,-0.79%,116553.61952499999"
"05/14/2024,202.85,199.25,199.25,199.0,0.00K,1.22%,117480.256997"
"05/13/2024,200.4,200.0,200.0,200.0,0.00K,-1.96%,116061.343368"
"05/10/2024,204.4,201.0,203.6,198.8,20.65K,0.34%,118377.937048"
"05/09/2024,203.7,202.3,205.4,202.3,0.00K,1.72%,117972.533154"
"05/08/2024,200.25,201.65,201.65,200.2,0.01K,0.63%,115974.47110499999"
"05/07/2024,199.0,196.6,196.6,196.6,0.00K,-0.85%,115250.53557999998"
"05/06/2024,200.7,203.0,203.0,199.45,0.01K,-2.53%,116235.087894"
"05/03/2024,205.9,207.75,208.95,207.5,0.07K,-1.32%,119246.65967799998"
"05/02/2024,208.65,218.0,218.0,218.0,0.01K,-4.75%,120839.31783300001"
"05/01/2024,219.05,222.4,222.4,215.7,0.01K,-0.73%,126862.46140100001"
"04/30/2024,220.65,215.6,217.75,215.6,0.02K,-5.52%,127789.098873"
"04/29/2024,233.55,234.0,234.0,234.0,0.02K,1.28%,135260.11349100003"
"04/26/2024,230.6,232.5,232.5,232.5,0.00K,-0.58%,133551.625652"
"04/25/2024,231.95,230.85,231.5,230.85,0.03K,1.53%,134333.476019"
"04/24/2024,228.45,229.25,229.25,226.35,0.07K,1.76%,132306.456549"
"04/23/2024,224.5,226.65,226.65,224.1,0.13K,-3.09%,130018.82029"
"04/22/2024,231.65,240.95,240.95,229.8,0.95K,-4.04%,134159.731493"
"04/19/2024,241.4,243.65,247.75,238.2,5.19K,0.65%,139806.428588"
"04/18/2024,239.85,252.1,253.7,239.5,5.47K,-3.27%,138908.748537"
"04/17/2024,247.95,237.4,249.3,236.4,8.75K,4.73%,143599.850739"
"04/16/2024,236.75,235.75,239.5,232.85,12.61K,2.25%,137113.38843499997"
"04/15/2024,231.55,221.65,235.45,219.3,15.67K,3.07%,134101.816651"
"04/12/2024,224.65,220.95,236.2,219.5,31.23K,1.95%,130105.69255299999"
"04/11/2024,220.35,215.3,221.8,214.1,26.11K,2.66%,127615.35434699999"
"04/10/2024,214.65,213.85,215.9,211.55,24.66K,0.52%,124314.208353"
"04/09/2024,213.55,209.6,214.75,209.6,40.36K,1.16%,123677.145091"
"04/08/2024,211.1,212.15,216.4,209.45,45.97K,-0.66%,122258.231462"
"04/05/2024,212.5,205.1,214.0,204.2,45.07K,2.78%,123069.03924999999"
"04/04/2024,206.75,206.3,207.95,202.5,32.10K,1.55%,119738.93583500001"
"04/03/2024,203.6,196.7,207.15,196.3,40.34K,2.96%,117914.61831199999"
"04/02/2024,197.75,190.95,198.4,190.75,39.26K,3.10%,114526.60005499999"
"04/01/2024,191.8,188.0,192.7,187.7,19.15K,1.56%,111080.666956"
"03/28/2024,188.85,191.05,191.2,187.55,21.24K,-0.94%,109372.17911699999"
"03/27/2024,190.65,188.05,192.5,187.15,32.26K,1.38%,110414.64627300002"
"03/26/2024,188.05,185.65,189.45,185.3,21.86K,1.29%,108908.86038099999"
"03/25/2024,185.65,185.15,186.25,183.35,19.00K,0.43%,107518.90417299999"
"03/22/2024,184.85,186.0,188.2,184.55,21.36K,-0.46%,107055.58543699999"
"03/21/2024,185.7,183.85,188.4,183.05,23.12K,1.81%,107547.86159399999"
"03/20/2024,182.4,182.65,184.4,181.65,14.72K,-0.36%,105636.671808"
"03/19/2024,183.05,181.25,183.35,179.35,21.06K,0.66%,106013.118281"
"03/18/2024,181.85,182.75,186.15,181.4,16.94K,-0.55%,105318.140177"
"03/15/2024,182.85,183.95,185.1,182.05,15.28K,-4.44%,105897.28859699999"
"03/14/2024,191.35,190.0,191.25,189.05,0.02K,-0.16%,110820.050167"
"03/13/2024,191.65,195.7,196.0,192.0,0.04K,-1.92%,110993.79469299999"
"03/12/2024,195.4,196.7,197.9,195.35,0.01K,0.54%,113165.60126800001"
"03/11/2024,194.35,193.3,194.9,191.5,0.03K,1.54%,112557.49542699999"
"03/08/2024,191.4,195.85,195.85,191.0,0.00K,-3.50%,110849.007588"
"03/07/2024,198.35,186.7,194.75,184.75,30.46K,2.01%,114874.08910699999"
"03/06/2024,194.45,194.8,194.9,190.0,0.04K,-0.28%,112615.410269"
"03/05/2024,195.0,198.75,198.75,195.8,0.03K,-1.22%,112933.9419"
"03/04/2024,197.4,199.2,199.4,199.2,0.02K,1.86%,114323.898108"
"03/01/2024,193.8,193.55,193.55,192.0,0.02K,-1.05%,112238.96379600001"
"02/29/2024,195.85,181.1,185.7,180.25,19.19K,1.29%,113426.21805699999"
"02/28/2024,193.35,192.8,193.4,192.05,0.10K,-0.36%,111978.34700699999"
"02/27/2024,194.05,191.1,192.55,188.55,0.09K,2.08%,112383.750901"
"02/26/2024,190.1,190.8,191.85,190.0,0.05K,-0.47%,110096.11464199999"
"02/23/2024,191.0,193.9,193.9,190.7,0.14K,-1.47%,110617.34822"
"02/22/2024,193.85,197.45,198.0,193.5,0.14K,-2.27%,112267.921217"
"02/21/2024,198.35,197.6,198.95,195.35,0.40K,3.52%,114874.08910699999"
"02/20/2024,191.6,192.4,197.95,189.6,10.72K,0.39%,110964.83727199999"
"02/16/2024,190.85,191.0,191.75,188.15,10.45K,0.82%,110530.47595699999"
"02/15/2024,189.3,188.8,190.6,187.2,8.21K,1.20%,109632.79590600001"
"02/14/2024,187.05,192.0,192.0,186.65,10.60K,-3.08%,108329.71196100001"
"02/13/2024,193.0,195.05,197.1,191.65,10.71K,-1.33%,111775.64505999998"
"02/12/2024,195.6,195.35,198.65,192.05,14.81K,-0.36%,113281.430952"
"02/09/2024,196.3,190.25,197.0,190.05,36.01K,3.97%,113686.83484599998"
"02/08/2024,188.8,190.45,190.5,188.35,38.55K,-1.00%,109343.22169600001"
"02/07/2024,190.7,189.4,191.8,188.7,36.79K,1.33%,110443.603694"
"02/06/2024,188.2,188.85,189.2,186.0,24.11K,-0.69%,108995.73264399997"
"02/05/2024,189.5,190.75,192.3,188.5,19.51K,-1.28%,109748.62558999998"
"02/02/2024,191.95,194.2,195.05,190.5,21.29K,-1.16%,111167.539219"
"02/01/2024,194.2,193.4,195.3,191.15,25.79K,0.08%,112470.623164"
"01/31/2024,194.05,194.0,195.55,192.05,19.76K,0.03%,112383.750901"
"01/30/2024,194.0,190.1,197.45,189.05,24.47K,2.51%,112354.79348000001"
"01/29/2024,189.25,192.85,194.35,188.65,18.40K,-2.37%,109603.838485"
"01/26/2024,193.85,187.2,194.8,186.0,20.94K,3.69%,112267.921217"
"01/25/2024,186.95,189.95,190.5,184.35,22.14K,-1.32%,108271.79711899998"
"01/24/2024,189.45,193.8,195.75,188.1,24.25K,-1.81%,109719.668169"
"01/23/2024,192.95,192.25,194.5,188.6,22.04K,0.36%,111746.68763899998"
"01/22/2024,192.25,184.45,193.15,183.5,24.81K,3.83%,111341.28374500001"
"01/19/2024,185.15,182.0,186.15,181.65,16.74K,2.89%,107229.329963"
"01/18/2024,179.95,180.5,182.35,175.55,21.87K,0.42%,104217.758179"
"01/17/2024,179.2,184.9,185.15,178.35,21.95K,-3.27%,103783.396864"
"01/16/2024,185.25,182.0,187.1,181.55,19.77K,2.92%,107287.244805"
"01/12/2024,180.0,183.5,186.85,179.0,22.10K,-2.20%,104246.7156"
"01/11/2024,184.05,182.25,187.95,180.95,25.95K,1.60%,106592.266701"
"01/10/2024,181.15,184.3,184.8,180.4,20.46K,-1.60%,104912.736283"
"01/09/2024,184.1,183.95,186.75,182.75,15.66K,1.49%,106621.224122"
"01/08/2024,181.4,181.7,183.7,179.5,20.57K,-0.77%,105057.523388"
"01/05/2024,182.8,185.85,187.55,182.05,17.96K,-1.48%,105868.33117599999"
"01/04/2024,185.55,186.85,187.6,185.05,11.16K,-0.38%,107460.989331"
"01/03/2024,186.25,190.75,191.05,184.8,14.58K,-2.05%,107866.393225"
"01/02/2024,190.15,188.65,192.55,188.65,15.07K,0.98%,110125.07206300001"
"12/29/2023,188.3,197.2,198.15,185.65,18.78K,-4.90%,109053.647486"
"12/28/2023,198.0,196.75,201.35,195.15,12.01K,0.13%,114671.38716000001"
"12/27/2023,197.75,194.9,199.95,194.05,16.05K,1.75%,114526.60005499999"
"12/26/2023,194.35,192.8,195.4,191.95,6.73K,0.80%,112557.49542699999"
"12/22/2023,192.8,192.2,194.25,189.2,12.28K,-0.41%,111659.81537600001"
"12/21/2023,193.6,190.0,197.4,188.55,22.63K,1.57%,112123.134112"
"12/20/2023,190.6,200.85,202.3,189.6,26.87K,-5.83%,110385.68885199999"
"12/19/2023,202.4,193.2,203.9,191.3,24.39K,-3.41%,117219.64020799998"
"12/18/2023,209.55,189.1,193.85,186.8,14.94K,3.84%,121360.551411"
"12/15/2023,201.8,202.25,202.85,201.3,0.05K,0.85%,116872.151156"
"12/14/2023,200.1,197.4,202.75,197.4,0.00K,2.80%,115887.59884199999"
"12/13/2023,194.65,197.25,197.45,197.25,0.01K,1.83%,112731.239953"
"12/12/2023,191.15,188.2,191.3,188.2,0.03K,-1.47%,110704.220483"
"12/11/2023,194.0,193.75,193.75,193.75,0.00K,4.78%,112354.79348000001"
"12/08/2023,185.15,187.25,187.25,187.25,0.00K,-0.19%,107229.329963"
"12/07/2023,185.5,189.2,190.6,187.35,0.01K,0.13%,107432.03190999999"
"12/06/2023,185.25,192.45,192.45,185.85,0.01K,-4.44%,107287.244805"
"12/05/2023,193.85,188.5,190.3,188.5,0.04K,2.62%,112267.921217"
"12/04/2023,188.9,189.55,189.55,186.85,0.02K,-2.58%,109401.13653800002"
"12/01/2023,193.9,185.75,188.5,178.2,49.48K,-0.56%,112296.878638"
"11/30/2023,195.0,182.35,195.7,182.35,0.02K,7.08%,112933.9419"
"11/29/2023,182.1,184.0,184.0,180.55,0.03K,-0.84%,105462.92728199999"
"11/28/2023,183.65,183.35,183.35,183.3,0.01K,2.20%,106360.60733299999"
"11/27/2023,179.7,176.8,182.9,176.8,0.05K,0.59%,104072.97107399999"
"11/24/2023,178.65,177.35,181.0,177.35,0.14K,0.00%,103464.86523299999"
"11/22/2023,178.65,176.45,179.2,174.5,0.29K,1.19%,103464.86523299999"
"11/21/2023,176.55,176.65,177.9,175.05,0.34K,-0.76%,102248.653551"
"11/20/2023,177.9,171.65,179.6,170.0,5.21K,4.07%,103030.503918"
"11/17/2023,170.95,175.85,176.85,170.45,4.41K,-2.92%,99005.42239899999"
"11/16/2023,176.1,181.5,182.2,175.7,7.17K,-2.60%,101988.03676199999"
"11/15/2023,180.8,177.0,181.9,175.0,8.51K,2.47%,104710.034336"
"11/14/2023,176.45,178.85,179.15,175.85,9.70K,-1.23%,102190.738709"
"11/13/2023,178.65,172.6,179.45,171.3,12.84K,2.38%,103464.86523299999"
"11/10/2023,174.5,178.0,178.75,172.95,24.19K,-2.40%,101061.39929"
"11/09/2023,178.8,176.1,179.0,175.5,26.46K,2.55%,103551.737496"
"11/08/2023,174.35,170.85,176.0,170.85,32.14K,2.11%,100974.52702699999"
"11/07/2023,170.75,173.4,173.65,169.15,28.86K,-1.70%,98889.592715"
"11/06/2023,173.7,170.25,174.1,168.45,23.51K,1.64%,100598.08055399999"
"11/03/2023,170.9,166.5,171.35,166.1,22.29K,3.36%,98976.464978"
"11/02/2023,165.35,160.7,166.8,160.0,24.72K,3.47%,95762.191247"
"11/01/2023,159.8,166.0,167.15,158.75,29.12K,-4.48%,92547.917516"
"10/31/2023,167.3,159.05,167.55,158.8,29.75K,5.15%,96891.530666"
"10/30/2023,159.1,160.05,161.15,158.6,19.46K,-1.15%,92142.513622"
"10/27/2023,160.95,161.2,163.25,160.2,13.03K,-0.16%,93213.93819899998"
"10/26/2023,161.2,161.55,163.6,160.3,17.69K,-0.68%,93358.72530399999"
"10/25/2023,162.3,167.75,169.05,160.95,30.19K,-3.48%,93995.78856600002"
"10/24/2023,168.15,165.6,168.85,165.05,21.86K,1.39%,97383.80682299999"
"10/23/2023,165.85,163.25,167.0,163.25,24.14K,0.36%,96051.765457"
"10/20/2023,165.25,163.4,166.8,162.25,37.01K,0.79%,95704.27640499998"
"10/19/2023,163.95,158.15,164.4,158.15,36.62K,3.73%,94951.38345899999"
"10/18/2023,158.05,157.15,159.5,156.65,25.58K,0.64%,91534.407781"
"10/17/2023,157.05,154.0,157.95,152.45,27.00K,1.88%,90955.259361"
"10/16/2023,154.15,154.9,156.15,152.1,24.90K,-0.48%,89275.72894300001"
"10/13/2023,154.9,149.3,155.65,149.2,35.24K,3.75%,89710.090258"
"10/12/2023,149.3,147.85,149.9,147.05,19.48K,1.08%,86466.859106"
"10/11/2023,147.7,147.65,149.4,146.1,16.44K,0.14%,85540.22163399999"
"10/10/2023,147.5,145.7,148.4,143.7,26.19K,0.99%,85424.39195"
"10/09/2023,146.05,146.05,147.9,144.8,15.68K,0.00%,84584.62674100001"
"10/06/2023,146.05,145.4,146.8,144.45,16.60K,0.45%,84584.62674100001"
"10/05/2023,145.4,146.05,147.5,145.0,13.75K,-0.65%,84208.18026800001"
"10/04/2023,146.35,147.9,148.95,145.9,15.83K,-1.61%,84758.37126700001"
"10/03/2023,148.75,149.15,149.9,147.25,13.62K,-0.23%,86148.327475"
"10/02/2023,149.1,146.0,151.4,145.8,23.83K,2.02%,86351.02942199999"
"09/29/2023,146.15,147.0,147.5,144.95,21.78K,-0.71%,84642.541583"
"09/28/2023,147.2,148.95,150.25,146.45,20.34K,-1.37%,85250.647424"
"09/27/2023,149.25,150.45,150.5,147.55,20.45K,-1.06%,86437.901685"
"09/26/2023,150.85,148.8,152.15,148.45,19.69K,1.38%,87364.53915699999"
"09/25/2023,148.8,150.3,152.1,148.15,20.31K,-1.55%,86177.28489600001"
"09/22/2023,151.15,154.75,155.7,150.05,19.80K,-2.39%,87538.283683"
"09/21/2023,154.85,158.0,158.75,154.5,17.11K,-2.12%,89681.13283699998"
"09/20/2023,158.2,160.4,161.65,157.65,17.55K,-5.55%,91621.28004399998"
"09/19/2023,167.5,162.5,173.5,162.5,0.00K,5.55%,97007.36034999999"
"09/18/2023,158.7,158.15,161.1,158.15,23.43K,0.28%,91910.85425399999"
"09/15/2023,158.25,153.9,160.5,153.35,27.89K,3.36%,91650.237465"
"09/14/2023,153.1,152.0,154.8,149.3,19.38K,1.36%,88667.62310199998"
"09/13/2023,151.05,151.55,151.55,151.55,0.06K,0.23%,87480.368841"
"09/12/2023,150.7,151.55,151.55,148.35,0.01K,-0.56%,87277.666894"
"09/11/2023,151.55,148.05,153.45,147.3,23.13K,3.62%,87769.943051"
"09/08/2023,146.25,150.9,151.15,148.05,14.75K,-0.78%,84700.456425"
"09/07/2023,147.4,153.15,153.2,149.5,14.46K,-2.87%,85366.47710799999"
"09/06/2023,151.75,153.2,155.0,151.05,16.41K,0.23%,87885.772735"
"09/05/2023,151.4,147.95,152.5,147.95,0.03K,0.30%,87683.070788"
"09/01/2023,150.95,151.5,151.5,151.1,0.01K,-1.15%,87422.45399899999"
"08/31/2023,152.7,153.65,153.65,153.0,0.06K,-0.42%,88435.96373399998"
"08/30/2023,153.35,150.0,153.7,150.0,0.02K,1.32%,88812.410207"
"08/29/2023,151.35,152.35,153.05,149.85,0.04K,-0.30%,87654.11336699998"
"08/28/2023,151.8,152.95,153.25,152.5,0.01K,0.03%,87914.730156"
"08/25/2023,151.75,154.0,154.0,154.0,0.00K,-0.82%,87885.772735"
"08/24/2023,153.0,153.8,154.25,151.4,0.05K,0.03%,88609.70826"
"08/23/2023,152.95,148.65,152.85,148.1,1.09K,4.33%,88580.75083899999"
"08/22/2023,146.6,147.9,150.4,146.1,4.50K,-0.64%,84903.15837199999"
"08/21/2023,147.55,147.6,151.8,147.15,6.15K,0.07%,85453.349371"
"08/18/2023,147.45,146.95,149.4,145.05,4.87K,0.31%,85395.434529"
"08/17/2023,147.0,148.95,150.05,145.8,5.00K,-1.28%,85134.81774"
"08/16/2023,148.9,149.75,150.75,147.75,8.37K,-0.23%,86235.19973800001"
"08/15/2023,149.25,150.85,151.3,148.0,11.86K,-1.22%,86437.901685"
"08/14/2023,151.1,157.5,158.3,150.7,21.14K,-4.25%,87509.32626199999"
"08/11/2023,157.8,159.05,159.45,156.0,27.62K,-1.31%,91389.620676"
"08/10/2023,159.9,160.55,163.6,159.2,28.31K,-0.53%,92605.832358"
"08/09/2023,160.75,161.85,162.4,160.0,26.49K,-0.37%,93098.108515"
"08/08/2023,161.35,162.15,162.9,159.55,25.99K,-1.59%,93445.59756699999"
"08/07/2023,163.95,161.15,164.9,160.05,27.41K,1.61%,94951.38345899999"
"08/04/2023,161.35,164.0,165.0,161.0,20.24K,-2.06%,93445.59756699999"
"08/03/2023,164.75,166.35,168.3,164.0,17.79K,-1.32%,95414.702195"
"08/02/2023,166.95,164.55,167.95,162.75,22.31K,1.46%,96688.828719"
"08/01/2023,164.55,165.1,167.4,162.05,20.15K,-0.06%,95298.87251100001"
"07/31/2023,164.65,157.9,166.0,157.9,23.12K,4.27%,95356.787353"
"07/28/2023,157.9,161.3,161.9,157.35,14.78K,-2.20%,91447.535518"
"07/27/2023,161.45,164.4,164.9,160.05,16.87K,-1.04%,93503.51240899999"
"07/26/2023,163.15,161.3,163.85,159.25,15.70K,0.80%,94488.064723"
"07/25/2023,161.85,162.4,163.85,161.3,15.91K,-0.71%,93735.171777"
"07/24/2023,163.0,161.15,165.45,161.05,20.33K,0.71%,94401.19246"
"07/21/2023,161.85,158.55,162.1,156.5,18.70K,2.40%,93735.171777"
"07/20/2023,158.05,155.5,160.0,155.25,19.01K,3.67%,91534.407781"
"07/19/2023,152.45,152.35,152.4,152.3,0.00K,-1.80%,88291.176629"
"07/18/2023,155.25,155.55,157.95,155.05,21.81K,0.32%,89912.792205"
"07/17/2023,154.75,158.05,158.05,155.5,0.00K,-4.45%,89623.217995"
"07/14/2023,161.95,162.45,162.45,161.75,0.08K,1.63%,93793.086619"
"07/13/2023,159.35,160.7,160.7,160.7,0.00K,0.38%,92287.300727"
"07/12/2023,158.75,158.1,159.25,156.45,14.07K,-0.35%,91939.81167499999"
"07/11/2023,159.3,159.15,159.5,158.0,0.05K,-1.51%,92258.343306"
"07/10/2023,161.75,163.55,163.65,163.55,0.00K,-0.64%,93677.25693499998"
"07/07/2023,162.8,165.0,165.0,165.0,0.00K,0.28%,94285.362776"
"07/06/2023,162.35,159.95,165.3,159.25,0.05K,0.81%,94024.745987"
"07/05/2023,161.05,162.25,162.25,162.25,0.01K,-0.89%,93271.853041"
"07/03/2023,162.5,165.2,165.2,165.2,0.00K,0.93%,94111.61825"
"06/30/2023,161.0,165.9,165.9,165.75,0.00K,-1.59%,93242.89562000001"
"06/29/2023,163.6,165.0,165.55,162.1,0.01K,-1.24%,94748.681512"
"06/28/2023,165.65,170.45,170.8,165.0,0.05K,-2.24%,95935.935773"
"06/27/2023,169.45,168.35,169.35,165.55,0.02K,0.89%,98136.699769"
"06/26/2023,167.95,168.0,169.15,166.5,0.02K,-0.06%,97267.97713899998"
"06/23/2023,168.05,167.9,168.9,166.5,0.11K,-2.13%,97325.89198100001"
"06/22/2023,171.7,173.7,173.95,169.6,0.07K,-0.17%,99439.78371399999"
"06/21/2023,172.0,178.9,178.95,168.95,2.93K,-3.07%,99613.52824"
"06/20/2023,177.45,185.1,185.75,176.4,11.00K,-4.03%,102769.887129"
"06/16/2023,184.9,187.7,188.3,184.3,8.15K,-1.12%,107084.54285800002"
"06/15/2023,187.0,184.75,188.05,184.7,9.26K,1.41%,108300.75454"
"06/14/2023,184.4,182.55,184.75,181.25,7.87K,0.90%,106794.96864800001"
"06/13/2023,182.75,185.7,186.75,181.9,12.75K,-1.51%,105839.373755"
"06/12/2023,185.55,190.25,192.4,185.05,18.58K,-2.68%,107460.989331"
"06/09/2023,190.65,196.6,196.6,188.8,38.48K,-2.16%,110414.64627300002"
"06/08/2023,194.85,186.2,196.15,184.6,34.15K,5.10%,112847.069637"
"06/07/2023,185.4,183.6,186.6,182.65,28.69K,1.53%,107374.117068"
"06/06/2023,182.6,183.1,184.9,181.55,19.02K,-0.27%,105752.50149199998"
"06/05/2023,183.1,179.95,183.7,179.35,18.23K,1.55%,106042.07570199999"
"06/02/2023,180.3,183.3,187.8,179.05,27.03K,-1.50%,104420.460126"
"06/01/2023,183.05,179.65,184.7,179.5,22.53K,2.46%,106013.118281"
"05/31/2023,178.65,177.15,179.8,175.55,24.94K,0.88%,103464.86523299999"
"05/30/2023,177.1,180.05,181.75,175.9,27.46K,-2.48%,102567.185182"
"05/26/2023,181.6,182.8,184.8,180.3,19.57K,-0.60%,105173.353072"
"05/25/2023,182.7,188.2,188.4,181.65,24.48K,-2.82%,105810.416334"
"05/24/2023,188.0,188.05,189.4,186.6,13.61K,0.29%,108879.90296"
"05/23/2023,187.45,189.25,190.3,185.7,16.81K,-0.92%,108561.37132899999"
"05/22/2023,189.2,191.0,193.75,186.55,22.89K,-1.46%,109574.881064"
"05/19/2023,192.0,186.2,194.4,186.2,23.73K,0.81%,111196.49664000001"
"05/18/2023,190.45,186.15,187.0,183.35,12.73K,0.32%,110298.81658899998"
"05/17/2023,189.85,189.5,189.5,189.5,0.00K,-0.26%,109951.327537"
"05/16/2023,190.35,196.0,196.55,196.0,0.01K,-1.40%,110240.90174699998"
"05/15/2023,193.05,192.45,192.45,192.45,0.01K,3.79%,111804.60248100001"
"05/12/2023,186.0,185.0,186.75,185.0,0.03K,0.11%,107721.60612"
"05/11/2023,185.8,186.0,186.1,185.5,0.01K,-0.88%,107605.776436"
"05/10/2023,187.45,189.3,189.3,189.3,0.00K,-0.29%,108561.37132899999"
"05/09/2023,188.0,187.7,189.3,184.55,0.02K,0.59%,108879.90296"
"05/08/2023,186.9,188.05,189.95,183.45,15.39K,-2.15%,108242.839698"
"05/05/2023,191.0,183.7,189.25,182.8,23.96K,2.47%,110617.34822"
"05/04/2023,186.4,188.0,188.0,184.5,0.14K,-1.48%,107953.26548799999"
"05/03/2023,189.2,188.1,188.1,185.85,0.14K,-0.76%,109574.881064"
"05/02/2023,190.65,188.1,188.75,187.9,0.02K,0.74%,110414.64627300002"
"05/01/2023,189.25,188.25,188.25,187.1,0.01K,-0.32%,109603.838485"
"04/28/2023,189.85,189.5,190.35,189.1,0.04K,-1.17%,109951.327537"
"04/27/2023,192.1,192.8,192.8,192.1,0.02K,-1.91%,111254.41148199998"
"04/26/2023,195.85,194.15,195.85,194.15,0.01K,1.77%,113426.21805699999"
"04/25/2023,192.45,191.0,192.25,191.0,0.01K,-2.19%,111457.113429"
"04/24/2023,196.75,196.35,196.85,195.0,0.01K,1.31%,113947.451635"
"04/21/2023,194.2,197.15,197.15,193.5,0.08K,-0.87%,112470.623164"
"04/20/2023,195.9,199.2,199.65,194.75,0.23K,-3.28%,113455.17547799999"
"04/19/2023,202.55,203.5,207.45,199.75,6.87K,-1.32%,117306.512471"
"04/18/2023,205.25,201.0,206.95,198.35,9.42K,2.11%,118870.213205"
"04/17/2023,201.0,194.0,201.5,193.5,9.53K,3.93%,116408.83242"
"04/14/2023,193.4,195.65,199.65,192.85,11.46K,-1.38%,112007.30442799999"
"04/13/2023,196.1,190.0,199.7,189.35,35.20K,3.07%,113571.00516199999"
"04/12/2023,190.25,188.9,191.35,187.6,27.16K,-0.13%,110182.986905"
"04/11/2023,190.5,183.45,191.2,183.0,33.56K,4.33%,110327.77401"
"04/10/2023,182.6,183.6,186.8,181.6,22.69K,-0.54%,105752.50149199998"
"04/06/2023,183.6,179.55,184.55,177.95,27.06K,1.92%,106331.649912"
"04/05/2023,180.15,175.2,181.5,175.2,23.60K,3.03%,104333.587863"
"04/04/2023,174.85,176.1,177.45,173.1,17.85K,-0.79%,101264.101237"
"04/03/2023,176.25,171.3,178.35,171.25,25.79K,3.37%,102074.909025"
"03/31/2023,170.5,170.0,171.7,166.15,32.08K,0.41%,98744.80561"
"03/30/2023,169.8,171.0,172.5,168.15,27.28K,0.06%,98339.40171600001"
"03/29/2023,169.7,174.7,175.25,168.6,25.13K,-2.33%,98281.48687399998"
"03/28/2023,173.75,177.5,178.7,173.5,19.19K,-1.78%,100627.037975"
"03/27/2023,176.9,178.5,184.0,175.95,23.74K,-1.31%,102451.35549799999"
"03/24/2023,179.25,174.8,179.85,172.6,18.11K,2.84%,103812.354285"
"03/23/2023,174.3,178.75,179.4,173.9,14.59K,-2.08%,100945.569606"
"03/22/2023,178.0,179.55,181.1,176.7,13.55K,-4.66%,103088.41876"
"03/21/2023,186.7,179.35,182.85,178.85,13.97K,0.97%,108127.010014"
"03/20/2023,184.9,174.6,178.8,173.35,13.59K,1.04%,107084.54285800002"
"03/17/2023,183.0,181.65,182.25,181.65,0.07K,-1.35%,105984.16085999999"
"03/16/2023,185.5,174.3,181.4,173.5,22.99K,4.18%,107432.03190999999"
"03/15/2023,178.05,177.25,177.25,177.25,0.00K,-1.58%,103117.37618100001"
"03/14/2023,180.9,178.7,179.05,175.1,12.79K,-1.26%,104767.94917800001"
"03/13/2023,183.2,175.0,183.7,175.0,0.00K,0.52%,106099.990544"
"03/10/2023,182.25,180.05,182.35,180.05,0.03K,2.39%,105549.799545"
"03/09/2023,178.0,178.15,182.1,177.0,0.05K,-0.86%,103088.41876"
"03/08/2023,179.55,180.0,180.0,179.0,0.01K,-2.71%,103986.098811"
"03/07/2023,184.55,182.15,182.15,182.15,0.00K,1.15%,106881.84091099999"
"03/06/2023,182.45,180.8,182.0,180.6,0.01K,0.91%,105665.62922899998"
"03/03/2023,180.8,181.0,181.7,180.4,0.01K,-1.71%,104710.034336"
"03/02/2023,183.95,185.0,186.4,180.55,18.46K,-0.73%,106534.35185899999"
"03/01/2023,185.3,188.0,188.0,185.0,0.05K,-2.68%,107316.20222600001"
