date,close,open,high,low,Gia_Viet_Nam,Volume,Change_pct,coffee_type
2023-03-01,2177.0,2135.0,2190.0,2119.0,57189.79,11960.0,0.0173,robusta
2023-03-02,2180.0,2176.0,2191.0,2165.0,57268.6,6730.0,0.0014000000000000002,robusta
2023-03-03,2162.0,2176.0,2186.0,2151.0,56795.74,6600.0,-0.0083,robusta
2023-03-06,2153.0,2160.0,2171.0,2135.0,56559.31,7550.0,-0.0042,robusta
2023-03-07,2152.0,2159.0,2162.0,2125.0,56533.04,8810.0,-0.0005,robusta
2023-03-08,2159.0,2152.0,2161.0,2138.0,56716.93,5990.0,0.0033,robusta
2023-03-09,2168.0,2159.0,2188.0,2156.0,56953.36,6720.0,0.0042,robusta
2023-03-10,2140.0,2165.0,2172.0,2136.0,56217.8,6550.0,-0.0129,robusta
2023-03-13,2113.0,2140.0,2148.0,2105.0,55508.51,9000.0,-0.0126,robusta
2023-03-14,2080.0,2105.0,2112.0,2077.0,54641.6,8390.0,-0.015600000000000001,robusta
2023-03-15,2069.0,2085.0,2085.0,2051.0,54352.63,11420.0,-0.0053,robusta
2023-03-16,2104.0,2070.0,2114.0,2057.0,55272.08,9660.0,0.0169,robusta
2023-03-17,2064.0,2102.0,2109.0,2060.0,54221.28,8070.0,-0.019,robusta
2023-03-20,2087.0,2052.0,2094.0,2023.0,54825.49,12850.0,0.0111,robusta
2023-03-21,2130.0,2099.0,2141.0,2093.0,55955.1,10100.0,0.0206,robusta
2023-03-22,2112.0,2126.0,2145.0,2105.0,55482.24,5750.0,-0.0085,robusta
2023-03-23,2124.0,2119.0,2133.0,2102.0,55797.48,6150.0,0.005699999999999999,robusta
2023-03-24,2189.0,2130.0,2195.0,2121.0,57505.03,9990.0,0.030600000000000002,robusta
2023-03-27,2214.0,2189.0,2238.0,2175.0,58161.78,14900.0,0.011399999999999999,robusta
2023-03-28,2142.0,2166.0,2192.0,2136.0,56270.34,7280.0,-0.0325,robusta
2023-03-29,2133.0,2145.0,2156.0,2123.0,56033.91,4940.0,-0.0042,robusta
2023-03-30,2171.0,2139.0,2174.0,2139.0,57032.17,6130.0,0.0178,robusta
2023-03-31,2173.0,2169.0,2198.0,2154.0,57084.71,9480.0,0.0009,robusta
2023-04-03,2195.0,2175.0,2198.0,2175.0,57662.65,6360.0,0.0101,robusta
2023-04-04,2219.0,2200.0,2221.0,2188.0,58293.13,7190.0,0.0109,robusta
2023-04-05,2274.0,2214.0,2278.0,2214.0,59737.98,10070.0,0.0248,robusta
2023-04-06,2256.0,2260.0,2277.0,2241.0,59265.12,10320.0,-0.0079,robusta
2023-04-11,2323.0,2256.0,2326.0,2250.0,61025.21,18740.0,0.0297,robusta
2023-04-12,2332.0,2315.0,2335.0,2296.0,61261.64,8990.0,0.0039000000000000003,robusta
2023-04-13,2382.0,2330.0,2401.0,2329.0,62575.14,14280.0,0.021400000000000002,robusta
2023-04-14,2344.0,2387.0,2392.0,2324.0,61576.88,9220.0,-0.016,robusta
2023-04-17,2370.0,2353.0,2373.0,2331.0,62259.9,9670.0,0.0111,robusta
2023-04-18,2379.0,2375.0,2393.0,2333.0,62496.33,14170.0,0.0038,robusta
2023-04-19,2386.0,2374.0,2395.0,2361.0,62680.22,13150.0,0.0029,robusta
2023-04-20,2374.0,2378.0,2392.0,2360.0,62364.98,8220.0,-0.005,robusta
2023-04-21,2382.0,2361.0,2384.0,2358.0,62575.14,6920.0,0.0034000000000000002,robusta
2023-04-24,2444.0,2385.0,2485.0,2385.0,64203.88,14440.0,0.026000000000000002,robusta
2023-04-25,2419.0,2442.0,2442.0,2396.0,63547.13,8630.0,-0.0102,robusta
2023-04-26,2413.0,2424.0,2489.0,2406.0,63389.51,9330.0,-0.0025,robusta
2023-04-27,2405.0,2407.0,2419.0,2377.0,63179.35,7420.0,-0.0033,robusta
2023-04-28,2409.0,2417.0,2420.0,2384.0,63284.43,6620.0,0.0017000000000000001,robusta
2023-05-02,2424.0,2406.0,2430.0,2391.0,63678.48,8500.0,0.0062,robusta
2023-05-03,2424.0,2421.0,2455.0,2404.0,63678.48,6200.0,0.0,robusta
2023-05-04,2412.0,2425.0,2438.0,2405.0,63363.24,4600.0,-0.005,robusta
2023-05-05,2471.0,2411.0,2474.0,2411.0,64913.17,6910.0,0.0245,robusta
2023-05-09,2465.0,2452.0,2484.0,2446.0,64755.55,6640.0,-0.0024,robusta
2023-05-10,2481.0,2470.0,2487.0,2456.0,65175.87,4200.0,0.006500000000000001,robusta
2023-05-11,2393.0,2480.0,2500.0,2386.0,62864.11,10990.0,-0.0355,robusta
2023-05-12,2432.0,2399.0,2449.0,2385.0,63888.64,11790.0,0.0163,robusta
2023-05-15,2488.0,2426.0,2506.0,2420.0,65359.76,6680.0,0.023,robusta
2023-05-16,2511.0,2508.0,2534.0,2470.0,65963.97,7730.0,0.0092,robusta
2023-05-17,2582.0,2510.0,2588.0,2504.0,67829.14,11050.0,0.028300000000000002,robusta
2023-05-18,2540.0,2570.0,2588.0,2526.0,66725.8,8900.0,-0.0163,robusta
2023-05-19,2588.0,2543.0,2607.0,2538.0,67986.76,8270.0,0.0189,robusta
2023-05-22,2629.0,2587.0,2641.0,2566.0,69063.83,8210.0,0.0158,robusta
2023-05-23,2557.0,2631.0,2675.0,2546.0,67172.39,9880.0,-0.0274,robusta
2023-05-24,2573.0,2555.0,2580.0,2546.0,67592.71,5280.0,0.0063,robusta
2023-05-25,2508.0,2526.0,2539.0,2504.0,65885.16,4110.0,-0.0253,robusta
2023-05-26,2528.0,2513.0,2546.0,2513.0,66410.56,4780.0,0.008,robusta
2023-05-30,2520.0,2528.0,2549.0,2513.0,66200.4,6150.0,-0.0032,robusta
2023-05-31,2520.0,2515.0,2527.0,2502.0,66200.4,9160.0,0.0,robusta
2023-06-01,2567.0,2525.0,2580.0,2525.0,67435.09,8430.0,0.0187,robusta
2023-06-02,2542.0,2571.0,2584.0,2535.0,66778.34,9090.0,-0.0097,robusta
2023-06-05,2574.0,2543.0,2577.0,2520.0,67618.98,8050.000000000001,0.0126,robusta
2023-06-06,2583.0,2580.0,2602.0,2559.0,67855.41,13980.0,0.0034999999999999996,robusta
2023-06-07,2636.0,2587.0,2641.0,2587.0,69247.72,13780.0,0.020499999999999997,robusta
2023-06-08,2726.0,2640.0,2734.0,2636.0,71612.02,15510.0,0.0341,robusta
2023-06-09,2702.0,2730.0,2790.0,2653.0,70981.54,15830.0,-0.0088,robusta
2023-06-12,2681.0,2693.0,2742.0,2674.0,70429.87,11990.0,-0.0078000000000000005,robusta
2023-06-13,2689.0,2681.0,2704.0,2671.0,70640.03,8920.0,0.003,robusta
2023-06-14,2694.0,2689.0,2709.0,2673.0,70771.38,7410.0,0.0019,robusta
2023-06-15,2757.0,2687.0,2770.0,2687.0,72426.39,14190.0,0.023399999999999997,robusta
2023-06-16,2747.0,2770.0,2797.0,2737.0,72163.69,8580.0,-0.0036,robusta
2023-06-19,2783.0,2754.0,2790.0,2740.0,73109.41,4000.0,0.0131,robusta
2023-06-20,2770.0,2776.0,2792.0,2742.0,72767.9,13700.0,-0.004699999999999999,robusta
2023-06-21,2726.0,2774.0,2780.0,2683.0,71612.02,16450.0,-0.0159,robusta
2023-06-22,2749.0,2720.0,2754.0,2695.0,72216.23,13300.0,0.0084,robusta
2023-06-23,2676.0,2750.0,2754.0,2665.0,70298.52,13670.0,-0.026600000000000002,robusta
2023-06-26,2710.0,2692.0,2730.0,2670.0,71191.7,17380.0,0.0127,robusta
2023-06-27,2715.0,2715.0,2760.0,2692.0,71323.05,10130.0,0.0018,robusta
2023-06-28,2616.0,2715.0,2729.0,2610.0,68722.32,13610.0,-0.0365,robusta
2023-06-29,2570.0,2621.0,2652.0,2549.0,67513.9,15010.0,-0.0176,robusta
2023-06-30,2491.0,2584.0,2590.0,2478.0,65438.57,13930.0,-0.030699999999999998,robusta
2023-07-03,2538.0,2500.0,2565.0,2490.0,66673.26,10960.0,0.0189,robusta
2023-07-04,2527.0,2550.0,2550.0,2511.0,66384.29,2640.0,-0.0043,robusta
2023-07-05,2512.0,2537.0,2556.0,2504.0,65990.24,6030.0,-0.0059,robusta
2023-07-06,2510.0,2510.0,2540.0,2499.0,65937.7,7310.0,-0.0008,robusta
2023-07-07,2621.0,2516.0,2643.0,2505.0,68853.67,12410.0,0.044199999999999996,robusta
2023-07-10,2576.0,2620.0,2620.0,2539.0,67671.52,9950.0,-0.0172,robusta
2023-07-11,2570.0,2578.0,2616.0,2549.0,67513.9,6900.0,-0.0023,robusta
2023-07-12,2534.0,2563.0,2594.0,2525.0,66568.18,9010.0,-0.013999999999999999,robusta
2023-07-13,2525.0,2550.0,2557.0,2522.0,66331.75,7460.0,-0.0036,robusta
2023-07-14,2540.0,2527.0,2549.0,2518.0,66725.8,5480.0,0.0059,robusta
2023-07-17,2552.0,2535.0,2586.0,2535.0,67041.04,7960.0,0.004699999999999999,robusta
2023-07-18,2532.0,2550.0,2563.0,2517.0,66515.64,5870.0,-0.0078000000000000005,robusta
2023-07-19,2604.0,2533.0,2610.0,2533.0,68407.08,8500.0,0.028399999999999998,robusta
2023-07-20,2536.0,2604.0,2628.0,2531.0,66620.72,8820.0,-0.026099999999999998,robusta
2023-07-21,2602.0,2541.0,2607.0,2516.0,68354.54,8029.999999999999,0.026000000000000002,robusta
2023-07-24,2649.0,2594.0,2659.0,2575.0,69589.23,6750.0,0.0181,robusta
2023-07-25,2628.0,2656.0,2656.0,2617.0,69037.56,5280.0,-0.0079,robusta
2023-07-26,2480.0,2463.0,2493.0,2444.0,65149.6,4300.0,-0.056299999999999996,robusta
2023-07-27,2499.0,2482.0,2528.0,2458.0,65648.73,7000.0,0.0077,robusta
2023-07-28,2437.0,2502.0,2521.0,2424.0,64019.99,5950.0,-0.0248,robusta
2023-07-31,2476.0,2441.0,2491.0,2422.0,65044.52,6510.0,0.016,robusta
2023-08-01,2494.0,2480.0,2517.0,2467.0,65517.38,6560.0,0.0073,robusta
2023-08-02,2532.0,2495.0,2539.0,2488.0,66515.64,9000.0,0.0152,robusta
2023-08-03,2516.0,2531.0,2546.0,2510.0,66095.32,13530.0,-0.0063,robusta
2023-08-04,2488.0,2512.0,2534.0,2482.0,65359.76,11340.0,-0.0111,robusta
2023-08-07,2554.0,2490.0,2556.0,2485.0,67093.58,13300.0,0.0265,robusta
2023-08-08,2559.0,2553.0,2562.0,2532.0,67224.93,9450.0,0.002,robusta
2023-08-09,2543.0,2564.0,2570.0,2529.0,66804.61,9530.0,-0.0063,robusta
2023-08-10,2534.0,2540.0,2576.0,2532.0,66568.18,11380.0,-0.0034999999999999996,robusta
2023-08-11,2517.0,2526.0,2537.0,2501.0,66121.59,11660.0,-0.0067,robusta
2023-08-14,2435.0,2512.0,2538.0,2434.0,63967.45,15450.0,-0.0326,robusta
2023-08-15,2433.0,2435.0,2446.0,2419.0,63914.91,10480.0,-0.0008,robusta
2023-08-16,2378.0,2427.0,2437.0,2369.0,62470.06,14400.0,-0.0226,robusta
2023-08-17,2391.0,2367.0,2405.0,2351.0,62811.57,11640.0,0.0055000000000000005,robusta
2023-08-18,2363.0,2388.0,2401.0,2361.0,62076.01,10430.0,-0.011699999999999999,robusta
2023-08-21,2366.0,2371.0,2399.0,2354.0,62154.82,9720.0,0.0013,robusta
2023-08-22,2374.0,2370.0,2406.0,2368.0,62364.98,10090.0,0.0034000000000000002,robusta
2023-08-23,2402.0,2387.0,2419.0,2376.0,63100.54,11070.0,0.0118,robusta
2023-08-24,2406.0,2412.0,2417.0,2372.0,63205.62,15760.0,0.0017000000000000001,robusta
2023-08-25,2437.0,2408.0,2445.0,2392.0,64019.99,8860.0,0.0129,robusta
2023-08-29,2449.0,2439.0,2482.0,2427.0,64335.23,10090.0,0.0049,robusta
2023-08-30,2496.0,2456.0,2504.0,2456.0,65569.92,11010.0,0.0192,robusta
2023-08-31,2489.0,2500.0,2529.0,2481.0,65386.03,14680.0,-0.0028000000000000004,robusta
2023-09-01,2482.0,2489.0,2515.0,2475.0,65202.14,7280.0,-0.0028000000000000004,robusta
2023-09-04,2483.0,2482.0,2501.0,2472.0,65228.41,3100.0,0.0004,robusta
2023-09-05,2453.0,2483.0,2484.0,2425.0,64440.31,10630.0,-0.0121,robusta
2023-09-06,2456.0,2450.0,2474.0,2434.0,64519.12,6970.0,0.0012,robusta
2023-09-07,2407.0,2455.0,2465.0,2401.0,63231.89,7540.0,-0.02,robusta
2023-09-08,2407.0,2407.0,2432.0,2397.0,63231.89,5620.0,0.0,robusta
2023-09-11,2439.0,2405.0,2457.0,2400.0,64072.53,8850.0,0.013300000000000001,robusta
2023-09-12,2430.0,2436.0,2436.0,2386.0,63836.1,7670.0,-0.0037,robusta
2023-09-13,2479.0,2434.0,2484.0,2427.0,65123.33,10770.0,0.0202,robusta
2023-09-14,2495.0,2479.0,2508.0,2451.0,65543.65,9010.0,0.006500000000000001,robusta
2023-09-15,2556.0,2496.0,2560.0,2486.0,67146.12,9560.0,0.024399999999999998,robusta
2023-09-18,2566.0,2555.0,2610.0,2551.0,67408.82,13500.0,0.0039000000000000003,robusta
2023-09-19,2540.0,2572.0,2610.0,2535.0,66725.8,12180.0,-0.0101,robusta
2023-09-20,2508.0,2546.0,2554.0,2499.0,65885.16,9120.0,-0.0126,robusta
2023-09-21,2464.0,2508.0,2515.0,2455.0,64729.28,8620.0,-0.0175,robusta
2023-09-22,2461.0,2465.0,2496.0,2439.0,64650.47,9420.0,-0.0012,robusta
2023-09-25,2443.0,2461.0,2488.0,2441.0,64177.61,5620.0,-0.0073,robusta
2023-09-26,2352.0,2345.0,2370.0,2344.0,61787.04,4790.0,-0.037200000000000004,robusta
2023-09-27,2346.0,2350.0,2360.0,2335.0,61629.42,5220.0,-0.0026,robusta
2023-09-28,2372.0,2345.0,2375.0,2342.0,62312.44,7260.0,0.0111,robusta
2023-09-29,2369.0,2372.0,2376.0,2352.0,62233.63,5810.0,-0.0013,robusta
2023-10-02,2374.0,2361.0,2392.0,2361.0,62364.98,5350.0,0.0021,robusta
2023-10-03,2332.0,2369.0,2375.0,2325.0,61261.64,10130.0,-0.0177,robusta
2023-10-04,2315.0,2326.0,2331.0,2299.0,60815.05,14460.0,-0.0073,robusta
2023-10-05,2302.0,2307.0,2334.0,2293.0,60473.54,12810.0,-0.005600000000000001,robusta
2023-10-06,2280.0,2299.0,2301.0,2255.0,59895.6,15240.0,-0.0096,robusta
2023-10-09,2243.0,2276.0,2276.0,2240.0,58923.61,15490.0,-0.016200000000000003,robusta
2023-10-10,2245.0,2240.0,2253.0,2223.0,58976.15,17380.0,0.0009,robusta
2023-10-11,2235.0,2241.0,2258.0,2225.0,58713.45,12370.0,-0.0045000000000000005,robusta
2023-10-12,2255.0,2239.0,2263.0,2231.0,59238.85,8530.0,0.0089,robusta
2023-10-13,2284.0,2249.0,2307.0,2240.0,60000.68,11450.0,0.0129,robusta
2023-10-16,2296.0,2275.0,2303.0,2263.0,60315.92,9450.0,0.0053,robusta
2023-10-17,2320.0,2300.0,2330.0,2290.0,60946.4,12020.0,0.0105,robusta
2023-10-18,2335.0,2330.0,2345.0,2313.0,61340.45,10290.0,0.006500000000000001,robusta
2023-10-19,2402.0,2340.0,2406.0,2333.0,63100.54,14330.0,0.0287,robusta
2023-10-20,2479.0,2394.0,2520.0,2386.0,65123.33,29860.0,0.0321,robusta
2023-10-23,2526.0,2465.0,2568.0,2446.0,66358.02,21590.0,0.019,robusta
2023-10-24,2493.0,2531.0,2534.0,2483.0,65491.11,17530.0,-0.0131,robusta
2023-10-25,2467.0,2483.0,2492.0,2455.0,64808.09,14740.0,-0.0104,robusta
2023-10-26,2420.0,2463.0,2470.0,2400.0,63573.4,12350.0,-0.0191,robusta
2023-10-27,2383.0,2415.0,2437.0,2364.0,62601.41,9560.0,-0.015300000000000001,robusta
2023-10-30,2314.0,2370.0,2371.0,2305.0,60788.78,17270.0,-0.028999999999999998,robusta
2023-10-31,2366.0,2315.0,2378.0,2305.0,62154.82,12230.0,0.0225,robusta
2023-11-01,2312.0,2370.0,2370.0,2296.0,60736.24,11020.0,-0.022799999999999997,robusta
2023-11-02,2328.0,2315.0,2364.0,2313.0,61156.56,10810.0,0.0069,robusta
2023-11-03,2372.0,2333.0,2374.0,2321.0,62312.44,8490.0,0.0189,robusta
2023-11-06,2422.0,2360.0,2425.0,2360.0,63625.94,7790.0,0.021099999999999997,robusta
2023-11-07,2358.0,2414.0,2417.0,2342.0,61944.66,11270.0,-0.0264,robusta
2023-11-08,2406.0,2368.0,2412.0,2358.0,63205.62,7680.0,0.0204,robusta
2023-11-09,2430.0,2411.0,2447.0,2408.0,63836.1,8270.0,0.01,robusta
2023-11-10,2421.0,2429.0,2439.0,2396.0,63599.67,8170.0,-0.0037,robusta
2023-11-13,2503.0,2409.0,2507.0,2394.0,65753.81,11780.0,0.0339,robusta
2023-11-14,2474.0,2495.0,2521.0,2459.0,64991.98,10670.0,-0.0116,robusta
2023-11-15,2549.0,2479.0,2552.0,2472.0,66962.23,9890.0,0.030299999999999997,robusta
2023-11-16,2566.0,2540.0,2594.0,2538.0,67408.82,14280.0,0.0067,robusta
2023-11-17,2521.0,2555.0,2582.0,2498.0,66226.67,9230.0,-0.0175,robusta
2023-11-20,2505.0,2516.0,2554.0,2471.0,65806.35,7600.0,-0.0063,robusta
2023-11-21,2482.0,2510.0,2520.0,2457.0,65202.14,8220.0,-0.0092,robusta
2023-11-22,2515.0,2489.0,2528.0,2434.0,66069.05,10330.0,0.013300000000000001,robusta
2023-11-23,2491.0,2516.0,2516.0,2465.0,65438.57,4890.0,-0.0095,robusta
2023-11-24,2545.0,2494.0,2558.0,2480.0,66857.15,8850.0,0.0217,robusta
2023-11-27,2478.0,2462.0,2490.0,2446.0,65097.06,8320.0,-0.0263,robusta
2023-11-28,2481.0,2476.0,2492.0,2459.0,65175.87,11820.0,0.0012,robusta
2023-11-29,2468.0,2470.0,2478.0,2442.0,64834.36,9940.0,-0.0052,robusta
2023-11-30,2546.0,2475.0,2550.0,2469.0,66883.42,12200.0,0.0316,robusta
2023-12-01,2528.0,2543.0,2563.0,2499.0,66410.56,16250.0,-0.0070999999999999995,robusta
2023-12-04,2513.0,2525.0,2525.0,2465.0,66016.51,18830.0,-0.0059,robusta
2023-12-05,2553.0,2513.0,2560.0,2471.0,67067.31,14720.0,0.0159,robusta
2023-12-06,2512.0,2563.0,2586.0,2503.0,65990.24,16970.0,-0.0161,robusta
2023-12-07,2541.0,2532.0,2568.0,2516.0,66752.07,11610.0,0.0115,robusta
2023-12-08,2526.0,2544.0,2554.0,2520.0,66358.02,8039.999999999999,-0.0059,robusta
2023-12-11,2622.0,2531.0,2635.0,2520.0,68879.94,10440.0,0.038,robusta
2023-12-12,2724.0,2613.0,2733.0,2611.0,71559.48,17160.0,0.038900000000000004,robusta
2023-12-13,2769.0,2721.0,2810.0,2696.0,72741.63,17020.0,0.0165,robusta
2023-12-14,2797.0,2769.0,2800.0,2728.0,73477.19,11760.0,0.0101,robusta
2023-12-15,2825.0,2792.0,2860.0,2790.0,74212.75,12500.0,0.01,robusta
2023-12-18,2796.0,2825.0,2846.0,2782.0,73450.92,10170.0,-0.0103,robusta
2023-12-19,2932.0,2800.0,2952.0,2773.0,77023.64,15620.0,0.048600000000000004,robusta
2023-12-20,2870.0,2930.0,2935.0,2840.0,75394.9,19830.0,-0.021099999999999997,robusta
2023-12-21,2964.0,2875.0,2970.0,2838.0,77864.28,15270.0,0.032799999999999996,robusta
2023-12-22,2837.0,2934.0,2943.0,2819.0,74527.99,9640.0,-0.042800000000000005,robusta
2023-12-27,2869.0,2855.0,2885.0,2829.0,75368.63,11350.0,0.0113,robusta
2023-12-28,2936.0,2859.0,2953.0,2846.0,77128.72,8670.0,0.023399999999999997,robusta
2023-12-29,2841.0,2931.0,2935.0,2830.0,74633.07,6570.0,-0.032400000000000005,robusta
2024-01-02,2804.0,2845.0,2863.0,2803.0,73661.08,6510.0,-0.013000000000000001,robusta
2024-01-03,2755.0,2808.0,2841.0,2744.0,72373.85,8340.0,-0.0175,robusta
2024-01-04,2786.0,2763.0,2798.0,2755.0,73188.22,7230.0,0.0113,robusta
2024-01-05,2795.0,2786.0,2819.0,2778.0,73424.65,6580.0,0.0032,robusta
2024-01-08,2885.0,2788.0,2898.0,2781.0,75788.95,11220.0,0.0322,robusta
2024-01-09,2932.0,2878.0,2967.0,2854.0,77023.64,14850.0,0.0163,robusta
2024-01-10,2950.0,2923.0,2995.0,2881.0,77496.5,11910.0,0.0060999999999999995,robusta
2024-01-11,2938.0,2940.0,2992.0,2928.0,77181.26,8850.0,-0.0040999999999999995,robusta
2024-01-12,2939.0,2938.0,2988.0,2915.0,77207.53,9060.0,0.0003,robusta
2024-01-15,2987.0,2939.0,2998.0,2939.0,78468.49,4440.0,0.0163,robusta
2024-01-16,3170.0,2990.0,3177.0,2990.0,83275.9,18910.0,0.0613,robusta
2024-01-17,3156.0,3170.0,3174.0,3107.0,82908.12,18560.0,-0.0044,robusta
2024-01-18,3063.0,3130.0,3142.0,3056.0,80465.01,11900.0,-0.029500000000000002,robusta
2024-01-19,3128.0,3080.0,3142.0,3067.0,82172.56,7430.0,0.0212,robusta
2024-01-22,3220.0,3114.0,3229.0,3099.0,84589.4,7140.0,0.0294,robusta
2024-01-23,3182.0,3214.0,3233.0,3172.0,83591.14,11000.0,-0.0118,robusta
2024-01-24,3207.0,3192.0,3254.0,3173.0,84247.89,7040.0,0.0079,robusta
2024-01-25,3251.0,3210.0,3262.0,3162.0,85403.77,9620.0,0.0137,robusta
2024-01-26,3112.0,3085.0,3161.0,3079.0,81752.24,10440.0,-0.042800000000000005,robusta
2024-01-29,3122.0,3105.0,3167.0,3086.0,82014.94,9550.0,0.0032,robusta
2024-01-30,3181.0,3116.0,3225.0,3109.0,83564.87,11300.0,0.0189,robusta
2024-01-31,3168.0,3171.0,3220.0,3154.0,83223.36,11150.0,-0.0040999999999999995,robusta
2024-02-01,3151.0,3165.0,3191.0,3145.0,82776.77,8900.0,-0.0054,robusta
2024-02-02,3116.0,3146.0,3184.0,3103.0,81857.32,11340.0,-0.0111,robusta
2024-02-05,3068.0,3112.0,3132.0,3057.0,80596.36,11210.0,-0.0154,robusta
2024-02-06,3096.0,3070.0,3115.0,3070.0,81331.92,14140.0,0.0091,robusta
2024-02-07,3115.0,3107.0,3144.0,3097.0,81831.05,11500.0,0.0060999999999999995,robusta
2024-02-08,3109.0,3119.0,3129.0,3093.0,81673.43,7730.0,-0.0019,robusta
2024-02-09,3217.0,3119.0,3223.0,3119.0,84510.59,12390.0,0.0347,robusta
2024-02-12,3192.0,3200.0,3241.0,3168.0,83853.84,12990.0,-0.0078000000000000005,robusta
2024-02-13,3163.0,3192.0,3210.0,3157.0,83092.01,9290.0,-0.0091,robusta
2024-02-14,3090.0,3153.0,3165.0,3085.0,81174.3,14800.0,-0.0231,robusta
2024-02-15,3108.0,3085.0,3124.0,3069.0,81647.16,9260.0,0.0058,robusta
2024-02-16,3141.0,3114.0,3163.0,3104.0,82514.07,12470.0,0.0106,robusta
2024-02-19,3172.0,3133.0,3175.0,3108.0,83328.44,6330.0,0.009899999999999999,robusta
2024-02-20,3146.0,3172.0,3172.0,3117.0,82645.42,11630.0,-0.008199999999999999,robusta
2024-02-21,3177.0,3140.0,3180.0,3140.0,83459.79,12030.0,0.009899999999999999,robusta
2024-02-22,3113.0,3172.0,3174.0,3103.0,81778.51,11860.0,-0.020099999999999996,robusta
2024-02-23,3030.0,3115.0,3115.0,3012.0,79598.1,16520.0,-0.026699999999999998,robusta
2024-02-26,3020.0,3025.0,3075.0,3011.0,79335.4,9300.0,-0.0033,robusta
2024-02-27,3077.0,3030.0,3097.0,2981.0,80832.79,15110.0,0.0189,robusta
2024-02-28,3044.0,3070.0,3070.0,3022.0,79965.88,8800.0,-0.010700000000000001,robusta
2024-02-29,3095.0,3048.0,3110.0,3035.0,81305.65,7580.0,0.0168,robusta
2024-03-01,3143.0,3099.0,3155.0,3092.0,82566.61,11860.0,0.0155,robusta
2024-03-04,3189.0,3132.0,3238.0,3122.0,83775.03,13390.0,0.0146,robusta
2024-03-05,3180.0,3190.0,3217.0,3163.0,83538.6,9480.0,-0.0028000000000000004,robusta
2024-03-06,3309.0,3185.0,3328.0,3172.0,86927.43,14870.0,0.0406,robusta
2024-03-07,3381.0,3303.0,3460.0,3288.0,88818.87,16010.000000000002,0.0218,robusta
2024-03-08,3297.0,3360.0,3373.0,3256.0,86612.19,9990.0,-0.0248,robusta
2024-03-11,3279.0,3296.0,3316.0,3268.0,86139.33,5630.0,-0.0055000000000000005,robusta
2024-03-12,3307.0,3275.0,3335.0,3271.0,86874.89,4920.0,0.0085,robusta
2024-03-13,3260.0,3303.0,3324.0,3233.0,85640.2,6360.0,-0.014199999999999999,robusta
2024-03-14,3277.0,3259.0,3325.0,3251.0,86086.79,6870.0,0.0052,robusta
2024-03-15,3308.0,3283.0,3318.0,3253.0,86901.16,5790.0,0.0095,robusta
2024-03-18,3343.0,3305.0,3378.0,3301.0,87820.61,7080.0,0.0106,robusta
2024-03-19,3354.0,3347.0,3364.0,3284.0,88109.58,8640.0,0.0033,robusta
2024-03-20,3315.0,3343.0,3379.0,3301.0,87085.05,6870.0,-0.0116,robusta
2024-03-21,3385.0,3337.0,3393.0,3327.0,88923.95,7540.0,0.021099999999999997,robusta
2024-03-22,3358.0,3389.0,3428.0,3355.0,88214.66,7200.0,-0.008,robusta
2024-03-25,3326.0,3257.0,3329.0,3257.0,87374.02,3190.0,-0.0095,robusta
2024-03-26,3375.0,3330.0,3431.0,3330.0,88661.25,6710.0,0.0147,robusta
2024-03-27,3467.0,3375.0,3489.0,3375.0,91078.09,7210.0,0.0273,robusta
2024-03-28,3396.0,3455.0,3485.0,3387.0,89212.92,7820.0,-0.020499999999999997,robusta
2024-04-02,3580.0,3407.0,3591.0,3406.0,94046.6,13270.0,0.0542,robusta
2024-04-03,3727.0,3573.0,3752.0,3552.0,97908.29,17680.0,0.041100000000000005,robusta
2024-04-04,3698.0,3751.0,3769.0,3663.0,97146.46,16450.0,-0.0078000000000000005,robusta
2024-04-05,3679.0,3690.0,3715.0,3670.0,96647.33,18080.0,-0.0051,robusta
2024-04-08,3683.0,3680.0,3720.0,3639.0,96752.41,12470.0,0.0011,robusta
2024-04-09,3673.0,3708.0,3709.0,3659.0,96489.71,9470.0,-0.0027,robusta
2024-04-10,3715.0,3670.0,3732.0,3664.0,97593.05,10120.0,0.011399999999999999,robusta
2024-04-11,3790.0,3703.0,3851.0,3703.0,99563.3,11260.0,0.0202,robusta
2024-04-12,3852.0,3780.0,3903.0,3780.0,101192.04,15530.0,0.016399999999999998,robusta
2024-04-15,3949.0,3832.0,3975.0,3805.0,103740.23,16020.0,0.0252,robusta
2024-04-16,3977.0,3976.0,4036.0,3958.0,104475.79,11480.0,0.0070999999999999995,robusta
2024-04-17,4195.0,3991.0,4206.0,3952.0,110202.65,17830.0,0.0548,robusta
2024-04-18,4062.0,4185.0,4292.0,4044.0,106708.74,16340.0,-0.0317,robusta
2024-04-19,4080.0,4067.0,4202.0,4061.0,107181.6,12730.0,0.0044,robusta
2024-04-22,4133.0,4090.0,4150.0,4063.0,108573.91,11910.0,0.013000000000000001,robusta
2024-04-23,4117.0,4140.0,4186.0,4076.0,108153.59,10560.0,-0.0039000000000000003,robusta
2024-04-24,4266.0,4121.0,4305.0,4094.0,112067.82,14630.0,0.0362,robusta
2024-04-25,4304.0,4263.0,4338.0,4239.0,113066.08,9800.0,0.0089,robusta
2024-04-26,4151.0,4296.0,4303.0,4132.0,109046.77,9440.0,-0.0355,robusta
2024-04-29,4164.0,4151.0,4239.0,4137.0,109388.28,9400.0,0.0031,robusta
2024-04-30,4021.0,4164.0,4168.0,4003.0,105631.67,10880.0,-0.034300000000000004,robusta
2024-05-01,3978.0,4008.0,4058.0,3955.0,104502.06,10050.0,-0.010700000000000001,robusta
2024-05-02,3680.0,3977.0,3999.0,3620.0,96673.6,25740.0,-0.07490000000000001,robusta
2024-05-03,3541.0,3675.0,3680.0,3534.0,93022.07,13100.0,-0.0378,robusta
2024-05-07,3378.0,3440.0,3440.0,3261.0,88740.06,21620.0,-0.046,robusta
2024-05-08,3414.0,3367.0,3449.0,3330.0,89685.78,10840.0,0.010700000000000001,robusta
2024-05-09,3439.0,3420.0,3499.0,3419.0,90342.53,8490.0,0.0073,robusta
2024-05-10,3440.0,3446.0,3484.0,3410.0,90368.8,6370.0,0.0003,robusta
2024-05-13,3399.0,3440.0,3489.0,3385.0,89291.73,6230.0,-0.011899999999999999,robusta
2024-05-14,3433.0,3380.0,3441.0,3356.0,90184.91,7280.0,0.01,robusta
2024-05-15,3402.0,3443.0,3459.0,3369.0,89370.54,6950.0,-0.009000000000000001,robusta
2024-05-16,3420.0,3402.0,3425.0,3381.0,89843.4,8300.0,0.0053,robusta
2024-05-17,3518.0,3420.0,3524.0,3410.0,92417.86,8020.0,0.0287,robusta
2024-05-20,3499.0,3510.0,3524.0,3469.0,91918.73,6690.0,-0.0054,robusta
2024-05-21,3734.0,3516.0,3745.0,3494.0,98092.18,13780.0,0.0672,robusta
2024-05-22,3917.0,3736.0,3928.0,3736.0,102899.59,14630.0,0.049,robusta
2024-05-23,3819.0,3926.0,3994.0,3741.0,100325.13,12890.0,-0.025,robusta
2024-05-24,3892.0,3820.0,3907.0,3810.0,102242.84,5990.0,0.0191,robusta
2024-05-28,4025.0,3812.0,4042.0,3768.0,105736.75,7030.0,0.0342,robusta
2024-05-29,4042.0,4015.0,4217.0,3955.0,106183.34,8710.0,0.0042,robusta
2024-05-30,4131.0,4015.0,4221.0,3947.0,108521.37,7150.0,0.022000000000000002,robusta
2024-05-31,3987.0,4129.0,4219.0,3940.0,104738.49,8960.0,-0.0349,robusta
2024-06-03,4110.0,3987.0,4157.0,3977.0,107969.7,8150.0,0.030899999999999997,robusta
2024-06-04,4189.0,4100.0,4197.0,4051.0,110045.03,9630.0,0.0192,robusta
2024-06-05,4322.0,4170.0,4336.0,4120.0,113538.94,13040.0,0.0317,robusta
2024-06-06,4294.0,4311.0,4394.0,4258.0,112803.38,11070.0,-0.006500000000000001,robusta
2024-06-07,4128.0,4280.0,4289.0,4081.0,108442.56,9540.0,-0.0387,robusta
2024-06-10,4082.0,4119.0,4184.0,4015.0,107234.14,10200.0,-0.0111,robusta
2024-06-11,4053.0,4087.0,4151.0,4037.0,106472.31,9310.0,-0.0070999999999999995,robusta
2024-06-12,4086.0,4027.0,4090.0,4011.0,107339.22,10320.0,0.008100000000000001,robusta
2024-06-13,4093.0,4099.0,4178.0,4071.0,107523.11,11270.0,0.0017000000000000001,robusta
2024-06-14,4009.0,4078.0,4102.0,3965.0,105316.43,10640.0,-0.020499999999999997,robusta
2024-06-17,4057.0,4000.0,4069.0,3989.0,106577.39,8580.0,0.012,robusta
2024-06-18,3994.0,4055.0,4065.0,3965.0,104922.38,8580.0,-0.0155,robusta
2024-06-19,4060.0,3984.0,4085.0,3974.0,106656.2,13410.0,0.0165,robusta
2024-06-20,4176.0,4047.0,4230.0,4041.0,109703.52,9640.0,0.0286,robusta
2024-06-21,4104.0,4146.0,4208.0,4085.0,107812.08,7200.0,-0.0172,robusta
2024-06-24,4252.0,4124.0,4295.0,4115.0,111700.04,12350.0,0.0361,robusta
2024-06-25,4117.0,4230.0,4261.0,4101.0,108153.59,6790.0,-0.0317,robusta
2024-06-26,4059.0,4126.0,4187.0,4023.0,106629.93,6410.0,-0.0141,robusta
2024-06-27,4047.0,4079.0,4113.0,4028.0,106314.69,4250.0,-0.003,robusta
2024-06-28,4011.0,4060.0,4105.0,3981.0,105368.97,6610.0,-0.0089,robusta
2024-07-01,4067.0,4021.0,4083.0,3946.0,106840.09,7880.0,0.013999999999999999,robusta
2024-07-02,4092.0,4065.0,4123.0,3983.0,107496.84,6020.0,0.0060999999999999995,robusta
2024-07-03,4058.0,4082.0,4126.0,4029.0,106603.66,5930.0,-0.0083,robusta
2024-07-04,4153.0,4066.0,4183.0,4063.0,109099.31,5030.0,0.023399999999999997,robusta
2024-07-05,4185.0,4140.0,4240.0,4133.0,109939.95,6890.0,0.0077,robusta
2024-07-08,4348.0,4189.0,4390.0,4188.0,114221.96,8610.0,0.038900000000000004,robusta
2024-07-09,4634.0,4334.0,4667.0,4325.0,121735.18,13340.0,0.0658,robusta
2024-07-10,4477.0,4622.0,4622.0,4444.0,117610.79,9580.0,-0.0339,robusta
2024-07-11,4576.0,4528.0,4681.0,4466.0,120211.52,6970.0,0.022099999999999998,robusta
2024-07-12,4617.0,4574.0,4638.0,4472.0,121288.59,5510.0,0.009000000000000001,robusta
2024-07-15,4583.0,4588.0,4664.0,4522.0,120395.41,5820.0,-0.0074,robusta
2024-07-16,4572.0,4590.0,4666.0,4549.0,120106.44,5930.0,-0.0024,robusta
2024-07-17,4570.0,4573.0,4644.0,4515.0,120053.9,6070.0,-0.0004,robusta
2024-07-18,4479.0,4580.0,4588.0,4459.0,117663.33,6960.0,-0.0199,robusta
2024-07-19,4530.0,4487.0,4536.0,4380.0,119003.1,5440.0,0.011399999999999999,robusta
2024-07-22,4581.0,4516.0,4602.0,4476.0,120342.87,4610.0,0.0113,robusta
2024-07-23,4481.0,4571.0,4572.0,4470.0,117715.87,6360.0,-0.0218,robusta
2024-07-24,4327.0,4492.0,4530.0,4316.0,113670.29,9440.0,-0.0344,robusta
2024-07-25,4395.0,4327.0,4400.0,4301.0,115456.65,7110.0,0.015700000000000002,robusta
2024-07-26,4150.0,4219.0,4219.0,4145.0,109020.5,3100.0,-0.0557,robusta
2024-07-29,4122.0,4135.0,4166.0,4108.0,108284.94,5690.0,-0.0067,robusta
2024-07-30,4118.0,4120.0,4160.0,4053.0,108179.86,6430.0,-0.001,robusta
2024-07-31,4116.0,4125.0,4161.0,4073.0,108127.32,7110.0,-0.0005,robusta
2024-08-01,4083.0,4102.0,4132.0,4018.0,107260.41,8160.0,-0.008,robusta
2024-08-02,4088.0,4083.0,4106.0,4057.0,107391.76,6010.0,0.0012,robusta
2024-08-05,4029.0,4058.0,4058.0,3931.0,105841.83,11200.0,-0.0144,robusta
2024-08-06,4190.0,4050.0,4234.0,4047.0,110071.3,9900.0,0.04,robusta
2024-08-07,4286.0,4174.0,4321.0,4157.0,112593.22,8640.0,0.0229,robusta
2024-08-08,4253.0,4280.0,4393.0,4233.0,111726.31,7360.0,-0.0077,robusta
2024-08-09,4162.0,4257.0,4285.0,4155.0,109335.74,7100.0,-0.021400000000000002,robusta
2024-08-12,4359.0,4350.0,4449.0,4251.0,114510.93,10320.0,0.0473,robusta
2024-08-13,4187.0,4310.0,4320.0,4159.0,109992.49,11840.0,-0.0395,robusta
2024-08-14,4292.0,4187.0,4318.0,4163.0,112750.84,7990.0,0.025099999999999997,robusta
2024-08-15,4378.0,4286.0,4389.0,4256.0,115010.06,8280.0,0.02,robusta
2024-08-16,4452.0,4373.0,4485.0,4343.0,116954.04,11430.0,0.0169,robusta
2024-08-19,4476.0,4442.0,4535.0,4415.0,117584.52,11710.0,0.0054,robusta
2024-08-20,4619.0,4451.0,4656.0,4450.0,121341.13,13600.0,0.0319,robusta
2024-08-21,4632.0,4594.0,4658.0,4527.0,121682.64,13790.0,0.0028000000000000004,robusta
2024-08-22,4574.0,4619.0,4650.0,4536.0,120158.98,7510.0,-0.0125,robusta
2024-08-23,4715.0,4574.0,4728.0,4540.0,123863.05,10530.0,0.0308,robusta
2024-08-27,4846.0,4750.0,4952.0,4730.0,127304.42,11050.0,0.0278,robusta
2024-08-28,4926.0,4838.0,4944.0,4768.0,129406.02,7390.0,0.0165,robusta
2024-08-29,4901.0,4912.0,4972.0,4745.0,128749.27,9630.0,-0.0051,robusta
2024-08-30,4948.0,4875.0,5180.0,4868.0,129983.96,15410.0,0.0096,robusta
2024-09-02,4700.0,4916.0,4916.0,4674.0,123469.0,8610.0,-0.0501,robusta
2024-09-03,4710.0,4750.0,4875.0,4664.0,123731.7,8950.0,0.0021,robusta
2024-09-04,4912.0,4718.0,4928.0,4701.0,129038.24,8930.0,0.0429,robusta
2024-09-05,4911.0,4887.0,4966.0,4871.0,129011.97,6370.0,-0.0002,robusta
2024-09-06,4770.0,4900.0,4925.0,4750.0,125307.9,6390.0,-0.0287,robusta
2024-09-09,4891.0,4795.0,4908.0,4780.0,128486.57,5420.0,0.0254,robusta
2024-09-10,4897.0,4892.0,4986.0,4847.0,128644.19,6990.0,0.0012,robusta
2024-09-11,5008.0,4897.0,5023.0,4861.0,131560.16,4920.0,0.0227,robusta
2024-09-12,5077.0,5000.0,5115.0,4993.0,133372.79,8260.0,0.0138,robusta
2024-09-13,5267.0,5077.0,5281.0,5050.0,138364.09,6960.0,0.0374,robusta
2024-09-16,5246.0,5252.0,5486.0,5227.0,137812.42,8560.0,-0.004,robusta
2024-09-17,5303.0,5242.0,5350.0,5123.0,139309.81,7410.0,0.0109,robusta
2024-09-18,5334.0,5319.0,5369.0,5208.0,140124.18,6170.0,0.0058,robusta
2024-09-19,5248.0,5295.0,5345.0,5210.0,137864.96,6990.0,-0.0161,robusta
2024-09-20,5059.0,5259.0,5279.0,5008.0,132899.93,9320.0,-0.036000000000000004,robusta
2024-09-23,5276.0,5020.0,5293.0,5018.0,138600.52,6650.0,0.0429,robusta
2024-09-24,5312.0,5258.0,5372.0,5196.0,139546.24,5940.0,0.0068000000000000005,robusta
2024-09-25,5152.0,5029.0,5175.0,4962.0,135343.04,6430.0,-0.0301,robusta
2024-09-26,5242.0,5140.0,5280.0,5136.0,137707.34,6150.0,0.0175,robusta
2024-09-27,5203.0,5242.0,5242.0,5099.0,136682.81,4220.0,-0.0074,robusta
2024-09-30,5225.0,5172.0,5235.0,5140.0,137260.75,5680.0,0.0042,robusta
2024-10-01,5179.0,5232.0,5236.0,5118.0,136052.33,7760.0,-0.0088,robusta
2024-10-02,4862.0,5151.0,5190.0,4851.0,127724.74,11970.0,-0.061200000000000004,robusta
2024-10-03,4720.0,4875.0,4949.0,4704.0,123994.4,9080.0,-0.0292,robusta
2024-10-04,4859.0,4725.0,4876.0,4677.0,127645.93,7100.0,0.0294,robusta
2024-10-07,4660.0,4841.0,4841.0,4648.0,122418.2,10530.0,-0.040999999999999995,robusta
2024-10-08,4684.0,4690.0,4739.0,4612.0,123048.68,11680.0,0.0052,robusta
2024-10-09,4701.0,4669.0,4773.0,4626.0,123495.27,9280.0,0.0036,robusta
2024-10-10,4742.0,4684.0,4778.0,4656.0,124572.34,6870.0,0.0087,robusta
2024-10-11,4678.0,4742.0,4795.0,4666.0,122891.06,8830.0,-0.013500000000000002,robusta
2024-10-14,4843.0,4669.0,4854.0,4658.0,127225.61,11160.0,0.0353,robusta
2024-10-15,4778.0,4839.0,4880.0,4772.0,125518.06,7320.0,-0.0134,robusta
2024-10-16,4752.0,4792.0,4867.0,4717.0,124835.04,10730.0,-0.0054,robusta
2024-10-17,4598.0,4752.0,4777.0,4567.0,120789.46,9070.0,-0.032400000000000005,robusta
2024-10-18,4615.0,4580.0,4648.0,4552.0,121236.05,6780.0,0.0037,robusta
2024-10-21,4503.0,4564.0,4583.0,4450.0,118293.81,7370.0,-0.024300000000000002,robusta
2024-10-22,4425.0,4512.0,4582.0,4395.0,116244.75,10390.0,-0.0173,robusta
2024-10-23,4443.0,4425.0,4458.0,4366.0,116717.61,8410.0,0.0040999999999999995,robusta
2024-10-24,4337.0,4443.0,4521.0,4332.0,113932.99,10180.0,-0.0239,robusta
2024-10-25,4411.0,4340.0,4426.0,4296.0,115876.97,6980.0,0.0171,robusta
2024-10-28,4502.0,4406.0,4535.0,4389.0,118267.54,5740.0,0.0206,robusta
2024-10-29,4398.0,4492.0,4558.0,4376.0,115535.46,4850.0,-0.0231,robusta
2024-10-30,4453.0,4400.0,4475.0,4340.0,116980.31,6020.0,0.0125,robusta
2024-10-31,4369.0,4429.0,4458.0,4357.0,114773.63,4230.0,-0.0189,robusta
2024-11-01,4279.0,4380.0,4405.0,4259.0,112409.33,7180.0,-0.0206,robusta
2024-11-04,4318.0,4279.0,4330.0,4271.0,113433.86,5470.0,0.0091,robusta
2024-11-05,4372.0,4323.0,4400.0,4310.0,114852.44,4400.0,0.0125,robusta
2024-11-06,4307.0,4352.0,4359.0,4241.0,113144.89,6200.0,-0.0149,robusta
2024-11-07,4486.0,4323.0,4508.0,4320.0,117847.22,7960.0,0.0416,robusta
2024-11-08,4376.0,4475.0,4475.0,4369.0,114957.52,5280.0,-0.0245,robusta
2024-11-11,4476.0,4343.0,4490.0,4341.0,117584.52,5460.0,0.0229,robusta
2024-11-12,4537.0,4466.0,4612.0,4458.0,119186.99,6390.0,0.013600000000000001,robusta
2024-11-13,4632.0,4519.0,4646.0,4492.0,121682.64,6730.0,0.0209,robusta
2024-11-14,4777.0,4628.0,4867.0,4594.0,125491.79,9080.0,0.0313,robusta
2024-11-15,4773.0,4700.0,4868.0,4686.0,125386.71,6840.0,-0.0008,robusta
2024-11-18,4735.0,4749.0,4877.0,4682.0,124388.45,7480.0,-0.008,robusta
2024-11-19,4656.0,4725.0,4747.0,4630.0,122313.12,7350.0,-0.0167,robusta
2024-11-20,4798.0,4686.0,4815.0,4674.0,126043.46,4600.0,0.0305,robusta
2024-11-21,4787.0,4845.0,4856.0,4763.0,125754.49,5170.0,-0.0023,robusta
2024-11-22,4985.0,4773.0,5018.0,4725.0,130955.95,6680.0,0.0414,robusta
2024-11-25,5110.0,4985.0,5327.0,4968.0,134239.7,11850.0,0.025099999999999997,robusta
2024-11-26,5114.0,5032.0,5167.0,5030.0,134344.78,5610.0,0.0008,robusta
2024-11-27,5496.0,5125.0,5513.0,5114.0,144379.92,9640.0,0.0747,robusta
2024-11-28,5528.0,5500.0,5569.0,5426.0,145220.56,4310.0,0.0058,robusta
2024-11-29,5377.0,5500.0,5694.0,5362.0,141253.79,6880.0,-0.0273,robusta
2024-12-02,4806.0,5301.0,5309.0,4793.0,126253.62,12070.0,-0.10619999999999999,robusta
2024-12-03,4604.0,4766.0,4766.0,4507.0,120947.08,13950.0,-0.042,robusta
2024-12-04,4751.0,4645.0,4760.0,4540.0,124808.77,9930.0,0.0319,robusta
2024-12-05,4873.0,4765.0,4883.0,4760.0,128013.71,7310.0,0.025699999999999997,robusta
2024-12-06,5116.0,4925.0,5152.0,4885.0,134397.32,8340.0,0.0499,robusta
2024-12-09,5200.0,5090.0,5308.0,4982.0,136604.0,9550.0,0.016399999999999998,robusta
2024-12-10,5232.0,5305.0,5510.0,5181.0,137444.64,11880.0,0.0062,robusta
2024-12-11,5101.0,5198.0,5198.0,5020.0,134003.27,7710.0,-0.025,robusta
2024-12-12,5152.0,5050.0,5203.0,5045.0,135343.04,6030.0,0.01,robusta
2024-12-13,5184.0,5101.0,5236.0,5048.0,136183.68,8650.0,0.0062,robusta
2024-12-16,5203.0,5105.0,5264.0,5085.0,136682.81,8270.0,0.0037,robusta
2024-12-17,5168.0,5175.0,5236.0,5110.0,135763.36,6190.0,-0.0067,robusta
2024-12-18,5139.0,5188.0,5222.0,5128.0,135001.53,7990.0,-0.005600000000000001,robusta
2024-12-19,5046.0,5158.0,5204.0,5014.0,132558.42,8170.0,-0.0181,robusta
2024-12-20,5002.0,5050.0,5104.0,4959.0,131402.54,6150.0,-0.0087,robusta
2024-12-23,5008.0,5000.0,5032.0,4938.0,131560.16,6050.0,0.0012,robusta
2024-12-24,5041.0,5008.0,5051.0,5001.0,132427.07,2490.0,0.0066,robusta
2024-12-27,4953.0,5030.0,5030.0,4933.0,130115.31,5920.0,-0.0175,robusta
2024-12-30,4921.0,4935.0,4985.0,4887.0,129274.67,3870.0,-0.006500000000000001,robusta
2024-12-31,4875.0,4895.0,4901.0,4826.0,128066.25,4900.0,-0.009300000000000001,robusta
2025-01-02,5056.0,4900.0,5100.0,4880.0,132821.12,6920.0,0.0371,robusta
2025-01-03,4968.0,5042.0,5076.0,4952.0,130509.36,4470.0,-0.0174,robusta
2025-01-06,4984.0,4968.0,5062.0,4953.0,130929.68,5820.0,0.0032,robusta
2025-01-07,5019.0,4990.0,5040.0,4970.0,131849.13,5270.0,0.006999999999999999,robusta
2025-01-08,4956.0,5011.0,5034.0,4923.0,130194.12,5500.0,-0.0126,robusta
2025-01-09,4979.0,4990.0,5017.0,4956.0,130798.33,4510.0,0.0046,robusta
2025-01-10,4966.0,4983.0,5020.0,4951.0,130456.82,5270.0,-0.0026,robusta
2025-01-13,4902.0,4951.0,4993.0,4890.0,128775.54,7100.0,-0.0129,robusta
2025-01-14,4863.0,4902.0,4911.0,4853.0,127751.01,6010.0,-0.008,robusta
2025-01-15,4912.0,4870.0,4946.0,4842.0,129038.24,7230.0,0.0101,robusta
2025-01-16,4889.0,4922.0,4982.0,4883.0,128434.03,8640.0,-0.004699999999999999,robusta
2025-01-17,5006.0,4891.0,5083.0,4890.0,131507.62,11110.0,0.0239,robusta
2025-01-20,5143.0,4978.0,5160.0,4955.0,135106.61,4840.0,0.0274,robusta
2025-01-21,5263.0,5126.0,5335.0,5111.0,138259.01,9320.0,0.0233,robusta
2025-01-22,5452.0,5252.0,5468.0,5252.0,143224.04,8680.0,0.0359,robusta
2025-01-23,5482.0,5446.0,5546.0,5373.0,144012.14,9030.0,0.0055000000000000005,robusta
2025-01-24,5544.0,5500.0,5600.0,5425.0,145640.88,8370.0,0.0113,robusta
2025-01-27,5420.0,5485.0,5556.0,5383.0,142383.4,5510.0,-0.022400000000000003,robusta
2025-01-28,5443.0,5363.0,5449.0,5288.0,142987.61,2230.0,0.0042,robusta
2025-01-29,5511.0,5425.0,5518.0,5423.0,144773.97,1530.0,0.0125,robusta
2025-01-30,5625.0,5503.0,5635.0,5502.0,147768.75,1880.0,0.0207,robusta
2025-01-31,5618.0,5644.0,5750.0,5536.0,147584.86,2070.0,-0.0012,robusta
2025-02-03,5453.0,5606.0,5615.0,5427.0,143250.31,3160.0,-0.0294,robusta
2025-02-04,5481.0,5484.0,5577.0,5434.0,143985.87,2880.0,0.0051,robusta
2025-02-05,5580.0,5500.0,5615.0,5464.0,146586.6,2980.0,0.0181,robusta
2025-02-06,5601.0,5600.0,5651.0,5583.0,147138.27,5790.0,0.0038,robusta
2025-02-07,5517.0,5574.0,5610.0,5504.0,144931.59,2460.0,-0.015,robusta
2025-02-10,5646.0,5564.0,5678.0,5536.0,148320.42,4140.0,0.023399999999999997,robusta
2025-02-11,5611.0,5637.0,5678.0,5575.0,147400.97,3120.0,-0.0062,robusta
2025-02-12,5765.0,5606.0,5788.0,5579.0,151446.55,3610.0,0.0274,robusta
2025-02-13,5740.0,5737.0,5800.0,5706.0,150789.8,2880.0,-0.0043,robusta
2025-02-14,5674.0,5745.0,5789.0,5639.0,149055.98,3350.0,-0.0115,robusta
2025-02-17,5634.0,5670.0,5740.0,5606.0,148005.18,1800.0,-0.006999999999999999,robusta
2025-02-18,5678.0,5631.0,5684.0,5499.0,149161.06,3670.0,0.0078000000000000005,robusta
2025-02-19,5701.0,5686.0,5773.0,5671.0,149765.27,4150.0,0.0040999999999999995,robusta
2025-02-20,5610.0,5681.0,5692.0,5570.0,147374.7,3520.0,-0.016,robusta
2025-02-21,5670.0,5620.0,5688.0,5582.0,148950.9,2900.0,0.010700000000000001,robusta
2025-02-24,5506.0,5667.0,5667.0,5491.0,144642.62,4530.0,-0.028900000000000002,robusta
2025-02-25,5369.0,5558.0,5566.0,5301.0,141043.63,6330.0,-0.024900000000000002,robusta
2025-02-26,5373.0,5379.0,5395.0,5240.0,141148.71,3740.0,0.0007000000000000001,robusta
2025-02-27,5337.0,5320.0,5428.0,5314.0,140202.99,2180.0,-0.0067,robusta
2025-02-28,5290.0,5322.0,5383.0,5249.0,138968.3,3330.0,-0.0088,robusta
2025-03-03,5444.0,5300.0,5490.0,5295.0,143013.88,4250.0,0.0291,robusta
2025-03-04,5599.0,5428.0,5603.0,5393.0,147085.73,3980.0,0.0285,robusta
2025-03-05,5603.0,5590.0,5693.0,5566.0,147190.81,4650.0,0.0007000000000000001,robusta
2025-03-06,5386.0,5585.0,5585.0,5339.0,141490.22,4450.0,-0.0387,robusta
2025-03-07,5318.0,5399.0,5432.0,5257.0,139703.86,6110.0,-0.0126,robusta
2025-03-10,5342.0,5335.0,5435.0,5286.0,140334.34,3190.0,0.0045000000000000005,robusta
2025-03-11,5513.0,5358.0,5550.0,5341.0,144826.51,3800.0,0.032,robusta
2025-03-12,5484.0,5513.0,5538.0,5437.0,144064.68,4030.0000000000005,-0.0053,robusta
2025-03-13,5506.0,5485.0,5556.0,5422.0,144642.62,4030.0000000000005,0.004,robusta
2025-03-14,5377.0,5502.0,5502.0,5372.0,141253.79,3380.0,-0.023399999999999997,robusta
2025-03-17,5451.0,5400.0,5484.0,5354.0,143197.77,2950.0,0.0138,robusta
2025-03-18,5452.0,5452.0,5499.0,5406.0,143224.04,2910.0,0.0002,robusta
2025-03-19,5509.0,5455.0,5525.0,5369.0,144721.43,5490.0,0.0105,robusta
2025-03-20,5482.0,5500.0,5545.0,5424.0,144012.14,5120.0,-0.0049,robusta
2025-03-21,5504.0,5474.0,5537.0,5453.0,144590.08,4059.9999999999995,0.004,robusta
2025-03-24,5492.0,5494.0,5554.0,5455.0,144274.84,4820.0,-0.0022,robusta
2025-03-25,5579.0,5480.0,5600.0,5472.0,146560.33,5410.0,0.0158,robusta
2025-03-26,5407.0,5533.0,5544.0,5401.0,142041.89,2640.0,-0.0308,robusta
2025-03-27,5327.0,5432.0,5448.0,5249.0,139940.29,3590.0,-0.0148,robusta
2025-03-28,5314.0,5357.0,5377.0,5281.0,139598.78,1610.0,-0.0024,robusta
2025-03-31,5263.0,5322.0,5388.0,5243.0,138259.01,1560.0,-0.0096,robusta
2025-04-01,5374.0,5280.0,5380.0,5178.0,141174.98,3730.0,0.021099999999999997,robusta
2025-04-02,5370.0,5381.0,5422.0,5272.0,141069.9,2580.0,-0.0007000000000000001,robusta
2025-04-03,5327.0,5287.0,5352.0,5224.0,139940.29,4230.0,-0.008,robusta
2025-04-04,5082.0,5287.0,5314.0,5058.0,133504.14,4320.0,-0.046,robusta
2025-04-07,4766.0,5091.0,5091.0,4764.0,125202.82,,-0.0622,robusta
2025-04-08,4803.0,4788.0,4870.0,4740.0,126174.81,,0.0078000000000000005,robusta
2025-04-09,4785.0,4790.5,4804.0,4610.0,125701.95,,-0.0037,robusta
2025-04-10,4896.0,5011.0,5042.0,4875.0,128617.92,12430.0,0.0232,robusta
2025-04-11,5049.0,4946.0,5076.0,4896.0,132637.23,7570.0,0.0313,robusta
2025-04-14,5239.0,5051.0,5259.0,5051.0,137628.53,7820.0,0.037599999999999995,robusta
2025-04-15,5340.0,5256.0,5378.0,5254.0,140281.8,8530.0,0.019299999999999998,robusta
2025-04-16,5379.0,5310.0,5422.0,5276.0,141306.33,8950.0,0.0073,robusta
2025-04-17,5277.0,5363.0,5397.0,5226.0,138626.79,8480.0,-0.019,robusta
2025-04-22,5257.0,5200.0,5267.0,5136.0,138101.39,8870.0,-0.0038,robusta
2025-04-23,5362.0,5288.0,5408.0,5273.0,140859.74,9650.0,0.02,robusta
2025-04-24,5427.0,5335.0,5456.0,5282.0,142567.29,9720.0,0.0121,robusta
2025-04-25,5415.0,5380.0,5488.0,5369.0,142252.05,9830.0,-0.0022,robusta
2025-04-28,5413.0,5380.0,5436.0,5320.0,142199.51,5890.0,-0.0004,robusta
2025-04-29,5298.0,5410.0,5524.0,5283.0,139178.46,7540.0,-0.0212,robusta
2025-04-30,5369.0,5288.0,5423.0,5260.0,141043.63,4920.0,0.0134,robusta
2025-05-01,5126.0,5344.0,5382.0,5108.0,134660.02,7270.0,-0.0453,robusta
2025-05-02,5291.0,5120.0,5324.0,5120.0,138994.57,7970.0,0.0322,robusta
2025-05-06,5256.0,5283.0,5359.0,5207.0,138075.12,7990.0,-0.0066,robusta
2025-05-07,5239.0,5248.0,5312.0,5225.0,137628.53,4820.0,-0.0032,robusta
2025-05-08,5265.0,5242.0,5301.0,5217.0,138311.55,4130.0,0.005,robusta
2025-05-09,5226.0,5275.0,5306.0,5188.0,137287.02,4740.0,-0.0074,robusta
2025-05-12,5052.0,5239.0,5241.0,5033.0,132716.04,7690.0,-0.0333,robusta
2025-05-13,5129.0,5101.0,5145.0,5011.0,134738.83,5590.0,0.0152,robusta
2025-05-14,5010.0,5131.0,5140.0,4988.0,131612.7,7440.0,-0.0232,robusta
2025-05-15,4971.0,5015.0,5016.0,4886.0,130588.17,9380.0,-0.0078000000000000005,robusta
2025-05-16,4865.0,4980.0,4986.0,4809.0,127803.55,9090.0,-0.0213,robusta
2025-05-19,4973.0,4873.0,5006.0,4835.0,130640.71,7660.0,0.0222,robusta
2025-05-20,4903.0,4960.0,4997.0,4866.0,128801.81,6400.0,-0.0141,robusta
2025-05-21,4903.0,4903.0,4947.0,4861.0,128801.81,5600.0,0.0,robusta
2025-05-22,4787.0,4919.0,4919.0,4769.0,125754.49,7630.0,-0.023700000000000002,robusta
2025-05-23,4790.0,4780.0,4809.0,4705.0,125833.3,6430.0,0.0006,robusta
2025-05-27,4692.0,4790.0,4791.0,4684.0,123258.84,5590.0,-0.020499999999999997,robusta
2025-05-28,4566.0,4684.0,4684.0,4523.0,119948.82,8950.0,-0.0269,robusta
2025-05-29,4530.0,4566.0,4609.0,4494.0,119003.1,7330.0,-0.0079,robusta
2025-05-30,4463.0,4520.0,4530.0,4390.0,117243.01,9820.0,-0.0148,robusta
2025-06-02,4405.0,4423.0,4457.0,4350.0,115719.35,10230.0,-0.013000000000000001,robusta
2025-06-03,4337.0,4385.0,4389.0,4235.0,113932.99,11900.0,-0.0154,robusta
2025-06-04,4345.0,4318.0,4410.0,4294.0,114143.15,11030.0,0.0018,robusta
2025-06-05,4445.0,4350.0,4465.0,4318.0,116770.15,9560.0,0.023,robusta
2025-06-06,4339.0,4420.0,4597.0,4321.0,113985.53,10500.0,-0.023799999999999998,robusta
2025-06-09,4384.0,4283.0,4400.0,4280.0,115167.68,3020.0,0.0104,robusta
2025-06-10,4253.0,4411.0,4455.0,4245.0,111726.31,4430.0,-0.029900000000000003,robusta
2025-06-11,4227.0,4274.0,4305.0,4219.0,111043.29,2720.0,-0.0060999999999999995,robusta
2025-06-12,4246.0,4234.0,4283.0,4186.0,111542.42,4040.0,0.0045000000000000005,robusta
2025-06-13,4212.0,4251.0,4251.0,4066.0,110649.24,7080.0,-0.008,robusta
2025-06-16,4121.0,4201.0,4307.0,4067.0,108258.67,3530.0,-0.0216,robusta
2025-06-17,4082.0,4117.0,4210.0,4063.0,107234.14,3120.0,-0.0095,robusta
2025-06-18,3826.0,4080.0,4112.0,3793.0,100509.02,6110.0,-0.06269999999999999,robusta
2025-06-19,3824.0,3830.0,3833.0,3777.0,100456.48,1760.0,-0.0005,robusta
2025-06-20,3678.0,3821.0,3897.0,3644.0,96621.06,3650.0,-0.0382,robusta
2025-06-23,3851.0,3678.0,3864.0,3625.0,101165.77,5130.0,0.047,robusta
2025-06-24,3634.0,3873.0,3886.0,3613.0,95465.18,5740.0,-0.056299999999999996,robusta
2025-06-25,3474.0,3670.0,3755.0,3442.0,91261.98,6390.0,-0.044000000000000004,robusta
2025-06-26,3595.0,3480.0,3623.0,3413.0,94440.65,5310.0,0.0348,robusta
2025-06-27,3593.0,3584.0,3678.0,3535.0,94388.11,3280.0,-0.0006,robusta
2025-06-30,3566.0,3584.0,3643.0,3555.0,93678.82,4500.0,-0.0075,robusta
2025-07-01,3602.0,3556.0,3642.0,3541.0,94624.54,2780.0,0.0101,robusta
2025-07-02,3551.0,3590.0,3624.0,3446.0,93284.77,3970.0,-0.014199999999999999,robusta
2025-07-03,3569.0,3555.0,3620.0,3475.0,93757.63,2500.0,0.0051,robusta
2025-07-04,3615.0,3579.0,3617.0,3513.0,94966.05,1120.0,0.0129,robusta
2025-07-07,3463.0,3602.0,3607.0,3451.0,90973.01,2900.0,-0.042,robusta
2025-07-08,3508.0,3475.0,3530.0,3443.0,92155.16,2890.0,0.013000000000000001,robusta
2025-07-09,3410.0,3508.0,3508.0,3353.0,89580.7,4520.0,-0.0279,robusta
2025-07-10,3274.0,3361.0,3408.0,3237.0,86007.98,7600.0,-0.039900000000000005,robusta
2025-07-11,3170.0,3256.0,3369.0,3163.0,83275.9,5320.0,-0.0318,robusta
2025-07-14,3465.0,3170.0,3497.0,3144.0,91025.55,5720.0,0.0931,robusta
2025-07-15,3359.0,3440.0,3511.0,3347.0,88240.93,4300.0,-0.030600000000000002,robusta
2025-07-16,3396.0,3350.0,3441.0,3334.0,89212.92,4820.0,0.011000000000000001,robusta
2025-07-17,3288.0,3386.0,3422.0,3232.0,86375.76,4710.0,-0.0318,robusta
2025-07-18,3322.0,3300.0,3381.0,3244.0,87268.94,3810.0,0.0103,robusta
2025-07-21,3164.0,3320.0,3322.0,3156.0,83118.28,6710.0,-0.047599999999999996,robusta
2025-07-22,3262.0,3178.0,3295.0,3147.0,85692.74,7290.0,0.031,robusta
2025-07-23,3259.0,3228.0,3269.0,3163.0,85613.93,6960.0,-0.0009,robusta
2025-07-24,3304.0,3261.0,3325.0,3202.0,86796.08,5130.0,0.0138,robusta
2025-07-25,3196.0,3304.0,3335.0,3183.0,83958.92,5340.0,-0.0327,robusta
2025-07-28,3277.0,3166.0,3286.0,3151.0,86086.79,2360.0,0.0253,robusta
2025-07-29,3251.0,3259.0,3267.0,3151.0,85403.77,2650.0,-0.0079,robusta
2025-07-30,3294.0,3255.0,3384.0,3243.0,86533.38,3820.0,0.0132,robusta
2025-07-31,3293.0,3318.0,3377.0,3258.0,86507.11,3730.0,-0.0003,robusta
2025-08-01,3216.0,3297.0,3336.0,3210.0,84484.32,2200.0,-0.023399999999999997,robusta
2025-08-04,3287.0,3238.0,3314.0,3190.0,86349.49,2300.0,0.022099999999999998,robusta
2025-08-05,3311.0,3309.0,3322.0,3202.0,86979.97,3440.0,0.0073,robusta
2025-08-06,3277.0,3303.0,3330.0,3200.0,86086.79,4510.0,-0.0103,robusta
2025-08-07,3320.0,3287.0,3375.0,3261.0,87216.4,3210.0,0.0131,robusta
2025-08-08,3444.0,3300.0,3460.0,3280.0,90473.88,3310.0,0.0373,robusta
2025-08-11,3605.0,3449.0,3625.0,3421.0,94703.35,4330.0,0.0467,robusta
2025-08-12,3556.0,3592.0,3643.0,3484.0,93416.12,5700.0,-0.013600000000000001,robusta
2025-08-13,3694.0,3555.0,3744.0,3547.0,97041.38,7770.0,0.0388,robusta
2025-08-14,3814.0,3710.0,3830.0,3673.0,100193.78,5180.0,0.0325,robusta
2025-08-15,3943.0,3849.0,3950.0,3781.0,103582.61,4420.0,0.0338,robusta
2025-08-18,3895.0,3940.0,3975.0,3826.0,102321.65,4770.0,-0.012199999999999999,robusta
2025-08-19,4134.0,3905.0,4148.0,3904.0,108600.18,4590.0,0.061399999999999996,robusta
2025-08-20,4401.0,4281.0,4442.0,4220.0,115614.27,13950.0,0.0646,robusta
2025-08-21,4520.0,4386.0,4524.0,4329.0,118740.4,14370.0,0.027000000000000003,robusta
2025-08-22,4650.0,4510.0,4655.0,4493.0,122155.5,13250.0,0.0288,robusta
2025-08-26,4690.0,4570.0,4708.0,4522.0,123206.3,12350.0,0.0086,robusta
2025-08-27,4878.0,4660.0,4904.0,4660.0,128145.06,8330.0,0.0401,robusta
2025-08-28,4808.0,4869.0,4986.0,4782.0,126306.16,9290.0,-0.0144,robusta
2025-08-29,4815.0,4780.0,4880.0,4711.0,126490.05,7170.0,0.0015,robusta
2025-09-01,4628.0,4800.0,4817.0,4610.0,121577.56,6230.0,-0.0388,robusta
2025-09-02,4399.0,4628.0,4671.0,4393.0,115561.73,8250.0,-0.0495,robusta
2025-09-03,4454.0,4392.0,4491.0,4340.0,117006.58,6860.0,0.0125,robusta
2025-09-04,4414.0,4443.0,4526.0,4341.0,115955.78,7460.0,-0.009000000000000001,robusta
2025-09-05,4309.0,4399.0,4440.0,4303.0,113197.43,5490.0,-0.023799999999999998,robusta
2025-09-08,4430.0,4304.0,4480.0,4250.0,116376.1,6390.0,0.0281,robusta
2025-09-09,4371.0,4428.0,4519.0,4353.0,114826.17,5500.0,-0.013300000000000001,robusta
2025-09-10,4477.0,4371.0,4497.0,4352.0,117610.79,4340.0,0.024300000000000002,robusta
2025-09-11,4521.0,4480.0,4570.0,4394.0,118766.67,4680.0,0.0098,robusta
2025-09-12,4601.0,4515.0,4654.0,4499.0,120868.27,4710.0,0.0177,robusta
2025-09-15,4842.0,4604.0,4850.0,4594.0,127199.34,8500.0,0.0524,robusta
2025-09-16,4781.0,4827.0,4860.0,4740.0,125596.87,7850.0,-0.0126,robusta
2025-09-17,4450.0,4751.0,4762.0,4423.0,116901.5,10000.0,-0.0692,robusta
2025-09-18,4447.0,4450.0,4499.0,4380.0,116822.69,5220.0,-0.0007000000000000001,robusta
2025-09-19,4135.0,4495.0,4546.0,4048.0,108626.45,10210.0,-0.0702,robusta
2025-09-22,4280.0,4155.0,4316.0,4132.0,112435.6,11580.0,0.0351,robusta
2025-09-23,4118.0,4329.0,4329.0,4109.0,108179.86,8390.0,-0.0379,robusta
2025-09-24,4219.0,4145.0,4242.0,4115.0,110833.13,6620.0,0.0245,robusta
2025-09-25,4082.0,4196.0,4221.0,4026.0,107234.14,5860.0,-0.0325,robusta
2025-09-26,4182.0,4110.0,4242.0,4088.0,109861.14,3840.0,0.0245,robusta
2025-09-29,4174.0,4192.0,4250.0,4155.0,109650.98,3130.0,-0.0019,robusta
2025-09-30,4186.0,4187.0,4270.0,4160.0,109966.22,4880.0,0.0029,robusta
2025-10-01,4388.0,4205.0,4426.0,4141.0,115272.76,5530.0,0.0483,robusta
2025-10-02,4325.0,4385.0,4445.0,4280.0,113617.75,5920.0,-0.0144,robusta
2025-10-03,4522.0,4344.0,4574.0,4344.0,118792.94,6680.0,0.0455,robusta
2025-10-06,4464.0,4499.0,4556.0,4427.0,117269.28,6140.0,-0.0128,robusta
2025-10-07,4388.0,4456.0,4505.0,4385.0,115272.76,7520.0,-0.017,robusta
2025-10-08,4484.0,4366.0,4489.0,4350.0,117794.68,7800.0,0.0219,robusta
2025-10-09,4472.0,4488.0,4571.0,4434.0,117479.44,9890.0,-0.0027,robusta
2025-10-10,4391.0,4465.0,4550.0,4373.0,115351.57,6580.0,-0.0181,robusta
2025-10-13,4467.0,4372.0,4500.0,4355.0,117348.09,7010.0,0.0173,robusta
2025-10-14,4420.0,4414.0,4562.0,4402.0,116113.4,7040.0,-0.0105,robusta
2025-10-15,4453.0,4475.0,4565.0,4405.0,116980.31,7360.0,0.0075,robusta
2025-10-16,4524.0,4423.0,4578.0,4405.0,118845.48,7490.0,0.0159,robusta
2025-10-17,4478.0,4490.0,4559.0,4418.0,117637.06,5220.0,-0.0102,robusta
2025-10-20,4464.0,4510.0,4570.0,4455.0,117269.28,5300.0,-0.0031,robusta
2025-10-21,4574.0,4520.0,4580.0,4469.0,120158.98,6410.0,0.0246,robusta
2025-10-22,4694.0,4584.0,4710.0,4579.0,123311.38,9390.0,0.0262,robusta
2025-10-23,4521.0,4650.0,4835.0,4483.0,118766.67,10760.0,-0.0369,robusta
2025-10-24,4557.0,4531.0,4590.0,4488.0,119712.39,5740.0,0.008,robusta
2025-10-27,4450.0,4532.0,4555.0,4436.0,116901.5,7520.0,-0.0235,robusta
2025-10-28,4465.0,4470.0,4523.0,4366.0,117295.55,7580.0,0.0034000000000000002,robusta
2025-10-29,4610.0,4546.0,4620.0,4465.0,121104.7,6050.0,0.0325,robusta
2025-10-30,4641.0,4602.0,4650.0,4553.0,121919.07,4290.0,0.0067,robusta
2025-10-31,4540.0,4610.0,4663.0,4524.0,119265.8,5830.0,-0.0218,robusta
2025-11-03,4693.0,4545.0,4706.0,4536.0,123285.11,6680.0,0.0337,robusta
2025-11-04,4681.0,4680.0,4780.0,4648.0,122969.87,8480.0,-0.0026,robusta
2025-11-05,4686.0,4661.0,4735.0,4631.0,123101.22,5450.0,0.0011,robusta
2025-11-06,4530.0,4670.0,4740.0,4489.0,119003.1,9830.0,-0.0333,robusta
2025-11-07,4648.0,4584.0,4671.0,4537.0,122102.96,7710.0,0.026000000000000002,robusta
2025-11-10,4623.0,4632.0,4679.0,4552.0,121446.21,7060.0,-0.0054,robusta
2025-11-11,4618.0,4618.0,4622.0,4535.0,121314.86,4910.0,-0.0011,robusta
2025-11-12,4366.0,4567.0,4577.0,4347.0,114694.82,12220.0,-0.0546,robusta
2025-11-13,4343.0,4400.0,4420.0,4286.0,114090.61,8250.0,-0.0053,robusta
2025-11-14,4223.0,4350.0,4355.0,4134.0,110938.21,11810.0,-0.0276,robusta
2025-11-17,4483.0,4251.0,4497.0,4251.0,117768.41,11390.0,0.0616,robusta
2025-11-18,4573.0,4461.0,4602.0,4443.0,120132.71,7930.0,0.020099999999999996,robusta
2025-11-19,4516.0,4585.0,4605.0,4490.0,118635.32,6950.0,-0.0125,robusta
2025-11-20,4631.0,4529.0,4689.0,4512.0,121656.37,10460.0,0.0255,robusta
2025-11-21,4506.0,4300.0,4525.0,4260.0,118372.62,11450.0,-0.027000000000000003,robusta
2025-11-24,4453.0,4526.0,4562.0,4436.0,116980.31,6620.0,-0.0118,robusta
2025-11-25,4414.0,4350.0,4431.0,4333.0,115955.78,5240.0,-0.0088,robusta
2025-11-26,4377.0,4365.0,4428.0,4345.0,114983.79,4700.0,-0.0084,robusta
2025-11-27,4389.0,4388.0,4409.0,4357.0,115299.03,2870.0,0.0027,robusta
2025-11-28,4413.0,4388.0,4442.0,4366.0,115929.51,7780.0,0.0055000000000000005,robusta
2025-12-01,4263.0,4300.0,4306.0,4208.0,111989.01,2009.9999999999998,-0.034,robusta
2025-12-02,4143.0,4260.0,4262.0,4135.0,108836.61,2490.0,-0.0281,robusta
2025-12-03,4135.0,4153.0,4180.0,4129.0,108626.45,2050.0,-0.0019,robusta
2025-12-04,4154.0,4151.0,4187.0,4121.0,109125.58,4250.0,0.0046,robusta
2025-12-05,4098.0,4164.0,4164.0,4075.0,107654.46,3760.0,-0.013500000000000002,robusta
2025-12-08,4018.0,4077.0,4095.0,4012.0,105552.86,3220.0,-0.0195,robusta
2025-12-09,4034.0,4016.0,4076.0,4009.0,105973.18,3790.0,0.004,robusta
2025-12-10,4065.0,4030.0,4097.0,3976.0,106787.55,3580.0,0.0077,robusta
2025-12-11,4038.0,4054.0,4116.0,4026.0,106078.26,2310.0,-0.0066,robusta
2025-12-12,3936.0,4035.0,4038.0,3917.0,103398.72,4430.0,-0.0253,robusta
2025-12-15,3854.0,3910.0,3911.0,3836.0,101244.58,4710.0,-0.0208,robusta
2025-12-16,3763.0,3836.0,3867.0,3756.0,98854.01,4690.0,-0.0236,robusta
2025-12-17,3656.0,3747.0,3754.0,3633.0,96043.12,6060.0,-0.028399999999999998,robusta
2025-12-18,3618.0,3639.0,3675.0,3611.0,95044.86,4520.0,-0.0104,robusta
2025-12-19,3613.0,3637.0,3670.0,3609.0,94913.51,4680.0,-0.0014000000000000002,robusta
2025-12-22,3708.0,3646.0,3727.0,3626.0,97409.16,3200.0,0.0263,robusta
2025-12-23,3762.0,3738.0,3807.0,3708.0,98827.74,2940.0,0.0146,robusta
2025-12-24,3793.0,3762.0,3818.0,3733.0,99642.11,1120.0,0.008199999999999999,robusta
2025-12-29,3812.0,3807.0,3855.0,3790.0,100141.24,2060.0,0.005,robusta
2025-12-30,3863.0,3813.0,3910.0,3803.0,101481.01,3690.0,0.0134,robusta
2025-12-31,3872.0,3837.0,3935.0,3824.0,101717.44,2029.9999999999998,0.0023,robusta
2026-01-02,3878.0,3874.0,3886.0,3799.0,101875.06,2120.0,0.0015,robusta
2026-01-05,3844.0,3878.0,3880.0,3748.0,100981.88,3420.0,-0.0088,robusta
2026-01-06,3930.0,3844.0,3940.0,3792.0,103241.1,3540.0,0.022400000000000003,robusta
2026-01-07,3876.0,3905.0,3987.0,3840.0,101822.52,5480.0,-0.0137,robusta
2026-01-08,3866.0,3886.0,3934.0,3836.0,101559.82,2720.0,-0.0026,robusta
2026-01-09,3837.0,3840.0,3919.0,3797.0,100797.99,4300.0,-0.0075,robusta
2026-01-12,3845.0,3800.0,3862.0,3797.0,101008.15,2950.0,0.0021,robusta
2026-01-13,3882.0,3861.0,3891.0,3846.0,101980.14,2890.0,0.0096,robusta
2026-01-14,3879.0,3889.0,3919.0,3838.0,101901.33,3360.0,-0.0008,robusta
2026-01-15,3923.0,3864.0,3953.0,3803.0,103057.21,5250.0,0.0113,robusta
2026-01-16,3925.0,3902.0,3964.0,3885.0,103109.75,6770.0,0.0005,robusta
2026-01-19,3935.0,3930.0,3953.0,3889.0,103372.45,3240.0,0.0025,robusta
2026-01-20,3864.0,3925.0,3944.0,3848.0,101507.28,8370.0,-0.018000000000000002,robusta
2026-01-21,3984.0,3880.0,3995.0,3845.0,104659.68,7470.0,0.0311,robusta
2026-01-22,3943.0,3960.0,3974.0,3921.0,103582.61,9380.0,-0.0103,robusta
2026-01-23,4051.0,3947.0,4114.0,3939.0,106419.77,13260.0,0.0274,robusta
2026-01-26,4113.0,4039.0,4145.0,4026.0,108048.51,9360.0,0.015300000000000001,robusta
2026-01-27,4100.0,4022.0,4127.0,3993.0,107707.0,4870.0,-0.0032,robusta
2026-01-28,3984.0,4120.0,4156.0,3944.0,104659.68,4990.0,-0.028300000000000002,robusta
2026-01-29,3996.0,4015.0,4045.0,3976.0,104974.92,4850.0,0.003,robusta
2026-01-30,3937.0,3978.0,4007.0,3904.0,103424.99,4780.0,-0.0148,robusta
2026-02-02,3952.0,4019.0,4033.0,3932.0,103819.04,11040.0,0.0038,robusta
2026-02-03,3719.0,3972.0,3983.0,3712.0,97698.13,19980.0,-0.059000000000000004,robusta
2026-02-04,3689.0,3744.0,3784.0,3672.0,96910.03,14090.0,-0.008100000000000001,robusta
2026-02-05,3749.0,3701.0,3765.0,3662.0,98486.23,13330.0,0.0163,robusta
2026-02-06,3668.0,3759.0,3813.0,3626.0,96358.36,15470.0,-0.0216,robusta
2026-02-09,3770.0,3672.0,3808.0,3665.0,99037.9,13430.0,0.0278,robusta
2026-02-10,3683.0,3800.0,3802.0,3668.0,96752.41,11590.0,-0.0231,robusta
2026-02-11,3692.0,3700.0,3719.0,3638.0,96988.84,11090.0,0.0024,robusta
2026-02-12,3765.0,3726.0,3801.0,3717.0,98906.55,9260.0,0.019799999999999998,robusta
2026-02-13,3800.0,3765.0,3894.0,3765.0,99826.0,8330.0,0.009300000000000001,robusta
2026-02-16,3795.0,3790.0,3841.0,3762.0,99694.65,5090.0,-0.0013,robusta
2026-02-17,3619.0,3784.0,3785.0,3578.0,95071.13,15100.0,-0.0464,robusta
2026-02-18,3683.0,3623.0,3703.0,3623.0,96752.41,11040.0,0.0177,robusta
2026-02-19,3620.0,3706.0,3728.0,3544.0,95097.4,11200.0,-0.0171,robusta
2026-02-20,3591.0,3630.0,3684.0,3550.0,94335.57,10700.0,-0.008,robusta
2026-02-23,3560.0,3604.0,3606.0,3517.0,93521.2,13100.0,-0.0086,robusta
2026-02-24,3640.0,3550.0,3654.0,3534.0,95622.8,8210.0,0.0225,robusta
2026-02-25,3703.0,3644.0,3719.0,3598.0,97277.81,7820.0,0.0173,robusta
2026-02-26,3639.0,3693.0,3698.0,3625.0,95596.53,6720.0,-0.0173,robusta
2026-02-27,3624.0,3650.0,3650.0,3590.0,95202.48,7460.0,-0.0040999999999999995,robusta
2026-03-02,3772.0,3580.0,3787.0,3580.0,99090.44,15990.0,0.0408,robusta
2026-03-03,3705.0,3762.0,3799.0,3678.0,97330.35,9320.0,-0.0178,robusta
2026-03-04,3734.0,3717.0,3757.0,3673.0,98092.18,7380.0,0.0078000000000000005,robusta
2026-03-05,3751.0,3754.0,3766.0,3709.0,98538.77,6730.0,0.0046,robusta
2026-03-06,3772.0,3789.0,3822.0,3736.0,99090.44,9660.0,0.005600000000000001,robusta
2026-03-09,3771.0,3769.0,3838.0,3720.0,99064.17,10580.0,-0.0003,robusta
2026-03-10,3692.0,3760.0,3767.0,3671.0,96988.84,7570.0,-0.0209,robusta
2026-03-11,3553.0,3692.0,3696.0,3543.0,93337.31,11610.0,-0.037599999999999995,robusta
