Date,Price,Open,High,Low,Vol.,Change %,Gia_Viet_Nam
2026-03-11,3553.0,"3,692.00","3,696.00","3,543.00",11.61K,-3.76%,93337.31
2026-03-10,3692.0,"3,760.00","3,767.00","3,671.00",7.57K,-2.09%,96988.84
2026-03-09,3771.0,"3,769.00","3,838.00","3,720.00",10.58K,-0.03%,99064.17
2026-03-06,3772.0,"3,789.00","3,822.00","3,736.00",9.66K,0.56%,99090.44
2026-03-05,3751.0,"3,754.00","3,766.00","3,709.00",6.73K,0.46%,98538.77
2026-03-04,3734.0,"3,717.00","3,757.00","3,673.00",7.38K,0.78%,98092.18
2026-03-03,3705.0,"3,762.00","3,799.00","3,678.00",9.32K,-1.78%,97330.35
2026-03-02,3772.0,"3,580.00","3,787.00","3,580.00",15.99K,4.08%,99090.44
2026-02-27,3624.0,"3,650.00","3,650.00","3,590.00",7.46K,-0.41%,95202.48
2026-02-26,3639.0,"3,693.00","3,698.00","3,625.00",6.72K,-1.73%,95596.53
2026-02-25,3703.0,"3,644.00","3,719.00","3,598.00",7.82K,1.73%,97277.81
2026-02-24,3640.0,"3,550.00","3,654.00","3,534.00",8.21K,2.25%,95622.8
2026-02-23,3560.0,"3,604.00","3,606.00","3,517.00",13.10K,-0.86%,93521.2
2026-02-20,3591.0,"3,630.00","3,684.00","3,550.00",10.70K,-0.80%,94335.57
2026-02-19,3620.0,"3,706.00","3,728.00","3,544.00",11.20K,-1.71%,95097.4
2026-02-18,3683.0,"3,623.00","3,703.00","3,623.00",11.04K,1.77%,96752.41
2026-02-17,3619.0,"3,784.00","3,785.00","3,578.00",15.10K,-4.64%,95071.13
2026-02-16,3795.0,"3,790.00","3,841.00","3,762.00",5.09K,-0.13%,99694.65
2026-02-13,3800.0,"3,765.00","3,894.00","3,765.00",8.33K,0.93%,99826.0
2026-02-12,3765.0,"3,726.00","3,801.00","3,717.00",9.26K,1.98%,98906.55
2026-02-11,3692.0,"3,700.00","3,719.00","3,638.00",11.09K,0.24%,96988.84
2026-02-10,3683.0,"3,800.00","3,802.00","3,668.00",11.59K,-2.31%,96752.41
2026-02-09,3770.0,"3,672.00","3,808.00","3,665.00",13.43K,2.78%,99037.9
2026-02-06,3668.0,"3,759.00","3,813.00","3,626.00",15.47K,-2.16%,96358.36
2026-02-05,3749.0,"3,701.00","3,765.00","3,662.00",13.33K,1.63%,98486.23
2026-02-04,3689.0,"3,744.00","3,784.00","3,672.00",14.09K,-0.81%,96910.03
2026-02-03,3719.0,"3,972.00","3,983.00","3,712.00",19.98K,-5.90%,97698.13
2026-02-02,3952.0,"4,019.00","4,033.00","3,932.00",11.04K,0.38%,103819.04
2026-01-30,3937.0,"3,978.00","4,007.00","3,904.00",4.78K,-1.48%,103424.99
2026-01-29,3996.0,"4,015.00","4,045.00","3,976.00",4.85K,0.30%,104974.92
2026-01-28,3984.0,"4,120.00","4,156.00","3,944.00",4.99K,-2.83%,104659.68
2026-01-27,4100.0,"4,022.00","4,127.00","3,993.00",4.87K,-0.32%,107707.0
2026-01-26,4113.0,"4,039.00","4,145.00","4,026.00",9.36K,1.53%,108048.51
2026-01-23,4051.0,"3,947.00","4,114.00","3,939.00",13.26K,2.74%,106419.77
2026-01-22,3943.0,"3,960.00","3,974.00","3,921.00",9.38K,-1.03%,103582.61
2026-01-21,3984.0,"3,880.00","3,995.00","3,845.00",7.47K,3.11%,104659.68
2026-01-20,3864.0,"3,925.00","3,944.00","3,848.00",8.37K,-1.80%,101507.28
2026-01-19,3935.0,"3,930.00","3,953.00","3,889.00",3.24K,0.25%,103372.45
2026-01-16,3925.0,"3,902.00","3,964.00","3,885.00",6.77K,0.05%,103109.75
2026-01-15,3923.0,"3,864.00","3,953.00","3,803.00",5.25K,1.13%,103057.21
2026-01-14,3879.0,"3,889.00","3,919.00","3,838.00",3.36K,-0.08%,101901.33
2026-01-13,3882.0,"3,861.00","3,891.00","3,846.00",2.89K,0.96%,101980.14
2026-01-12,3845.0,"3,800.00","3,862.00","3,797.00",2.95K,0.21%,101008.15
2026-01-09,3837.0,"3,840.00","3,919.00","3,797.00",4.30K,-0.75%,100797.99
2026-01-08,3866.0,"3,886.00","3,934.00","3,836.00",2.72K,-0.26%,101559.82
2026-01-07,3876.0,"3,905.00","3,987.00","3,840.00",5.48K,-1.37%,101822.52
2026-01-06,3930.0,"3,844.00","3,940.00","3,792.00",3.54K,2.24%,103241.1
2026-01-05,3844.0,"3,878.00","3,880.00","3,748.00",3.42K,-0.88%,100981.88
2026-01-02,3878.0,"3,874.00","3,886.00","3,799.00",2.12K,0.15%,101875.06
2025-12-31,3872.0,"3,837.00","3,935.00","3,824.00",2.03K,0.23%,101717.44
2025-12-30,3863.0,"3,813.00","3,910.00","3,803.00",3.69K,1.34%,101481.01
2025-12-29,3812.0,"3,807.00","3,855.00","3,790.00",2.06K,0.50%,100141.24
2025-12-24,3793.0,"3,762.00","3,818.00","3,733.00",1.12K,0.82%,99642.11
2025-12-23,3762.0,"3,738.00","3,807.00","3,708.00",2.94K,1.46%,98827.74
2025-12-22,3708.0,"3,646.00","3,727.00","3,626.00",3.20K,2.63%,97409.16
2025-12-19,3613.0,"3,637.00","3,670.00","3,609.00",4.68K,-0.14%,94913.51
2025-12-18,3618.0,"3,639.00","3,675.00","3,611.00",4.52K,-1.04%,95044.86
2025-12-17,3656.0,"3,747.00","3,754.00","3,633.00",6.06K,-2.84%,96043.12
2025-12-16,3763.0,"3,836.00","3,867.00","3,756.00",4.69K,-2.36%,98854.01
2025-12-15,3854.0,"3,910.00","3,911.00","3,836.00",4.71K,-2.08%,101244.58
2025-12-12,3936.0,"4,035.00","4,038.00","3,917.00",4.43K,-2.53%,103398.72
2025-12-11,4038.0,"4,054.00","4,116.00","4,026.00",2.31K,-0.66%,106078.26
2025-12-10,4065.0,"4,030.00","4,097.00","3,976.00",3.58K,0.77%,106787.55
2025-12-09,4034.0,"4,016.00","4,076.00","4,009.00",3.79K,0.40%,105973.18
2025-12-08,4018.0,"4,077.00","4,095.00","4,012.00",3.22K,-1.95%,105552.86
2025-12-05,4098.0,"4,164.00","4,164.00","4,075.00",3.76K,-1.35%,107654.46
2025-12-04,4154.0,"4,151.00","4,187.00","4,121.00",4.25K,0.46%,109125.58
2025-12-03,4135.0,"4,153.00","4,180.00","4,129.00",2.05K,-0.19%,108626.45
2025-12-02,4143.0,"4,260.00","4,262.00","4,135.00",2.49K,-2.81%,108836.61
2025-12-01,4263.0,"4,300.00","4,306.00","4,208.00",2.01K,-3.40%,111989.01
2025-11-28,4413.0,"4,388.00","4,442.00","4,366.00",7.78K,0.55%,115929.51
2025-11-27,4389.0,"4,388.00","4,409.00","4,357.00",2.87K,0.27%,115299.03
2025-11-26,4377.0,"4,365.00","4,428.00","4,345.00",4.70K,-0.84%,114983.79
2025-11-25,4414.0,"4,350.00","4,431.00","4,333.00",5.24K,-0.88%,115955.78
2025-11-24,4453.0,"4,526.00","4,562.00","4,436.00",6.62K,-1.18%,116980.31
2025-11-21,4506.0,"4,300.00","4,525.00","4,260.00",11.45K,-2.70%,118372.62
2025-11-20,4631.0,"4,529.00","4,689.00","4,512.00",10.46K,2.55%,121656.37
2025-11-19,4516.0,"4,585.00","4,605.00","4,490.00",6.95K,-1.25%,118635.32
2025-11-18,4573.0,"4,461.00","4,602.00","4,443.00",7.93K,2.01%,120132.71
2025-11-17,4483.0,"4,251.00","4,497.00","4,251.00",11.39K,6.16%,117768.41
2025-11-14,4223.0,"4,350.00","4,355.00","4,134.00",11.81K,-2.76%,110938.21
2025-11-13,4343.0,"4,400.00","4,420.00","4,286.00",8.25K,-0.53%,114090.61
2025-11-12,4366.0,"4,567.00","4,577.00","4,347.00",12.22K,-5.46%,114694.82
2025-11-11,4618.0,"4,618.00","4,622.00","4,535.00",4.91K,-0.11%,121314.86
2025-11-10,4623.0,"4,632.00","4,679.00","4,552.00",7.06K,-0.54%,121446.21
2025-11-07,4648.0,"4,584.00","4,671.00","4,537.00",7.71K,2.60%,122102.96
2025-11-06,4530.0,"4,670.00","4,740.00","4,489.00",9.83K,-3.33%,119003.1
2025-11-05,4686.0,"4,661.00","4,735.00","4,631.00",5.45K,0.11%,123101.22
2025-11-04,4681.0,"4,680.00","4,780.00","4,648.00",8.48K,-0.26%,122969.87
2025-11-03,4693.0,"4,545.00","4,706.00","4,536.00",6.68K,3.37%,123285.11
2025-10-31,4540.0,"4,610.00","4,663.00","4,524.00",5.83K,-2.18%,119265.8
2025-10-30,4641.0,"4,602.00","4,650.00","4,553.00",4.29K,0.67%,121919.07
2025-10-29,4610.0,"4,546.00","4,620.00","4,465.00",6.05K,3.25%,121104.7
2025-10-28,4465.0,"4,470.00","4,523.00","4,366.00",7.58K,0.34%,117295.55
2025-10-27,4450.0,"4,532.00","4,555.00","4,436.00",7.52K,-2.35%,116901.5
2025-10-24,4557.0,"4,531.00","4,590.00","4,488.00",5.74K,0.80%,119712.39
2025-10-23,4521.0,"4,650.00","4,835.00","4,483.00",10.76K,-3.69%,118766.67
2025-10-22,4694.0,"4,584.00","4,710.00","4,579.00",9.39K,2.62%,123311.38
2025-10-21,4574.0,"4,520.00","4,580.00","4,469.00",6.41K,2.46%,120158.98
2025-10-20,4464.0,"4,510.00","4,570.00","4,455.00",5.30K,-0.31%,117269.28
2025-10-17,4478.0,"4,490.00","4,559.00","4,418.00",5.22K,-1.02%,117637.06
2025-10-16,4524.0,"4,423.00","4,578.00","4,405.00",7.49K,1.59%,118845.48
2025-10-15,4453.0,"4,475.00","4,565.00","4,405.00",7.36K,0.75%,116980.31
2025-10-14,4420.0,"4,414.00","4,562.00","4,402.00",7.04K,-1.05%,116113.4
2025-10-13,4467.0,"4,372.00","4,500.00","4,355.00",7.01K,1.73%,117348.09
2025-10-10,4391.0,"4,465.00","4,550.00","4,373.00",6.58K,-1.81%,115351.57
2025-10-09,4472.0,"4,488.00","4,571.00","4,434.00",9.89K,-0.27%,117479.44
2025-10-08,4484.0,"4,366.00","4,489.00","4,350.00",7.80K,2.19%,117794.68
2025-10-07,4388.0,"4,456.00","4,505.00","4,385.00",7.52K,-1.70%,115272.76
2025-10-06,4464.0,"4,499.00","4,556.00","4,427.00",6.14K,-1.28%,117269.28
2025-10-03,4522.0,"4,344.00","4,574.00","4,344.00",6.68K,4.55%,118792.94
2025-10-02,4325.0,"4,385.00","4,445.00","4,280.00",5.92K,-1.44%,113617.75
2025-10-01,4388.0,"4,205.00","4,426.00","4,141.00",5.53K,4.83%,115272.76
2025-09-30,4186.0,"4,187.00","4,270.00","4,160.00",4.88K,0.29%,109966.22
2025-09-29,4174.0,"4,192.00","4,250.00","4,155.00",3.13K,-0.19%,109650.98
2025-09-26,4182.0,"4,110.00","4,242.00","4,088.00",3.84K,2.45%,109861.14
2025-09-25,4082.0,"4,196.00","4,221.00","4,026.00",5.86K,-3.25%,107234.14
2025-09-24,4219.0,"4,145.00","4,242.00","4,115.00",6.62K,2.45%,110833.13
2025-09-23,4118.0,"4,329.00","4,329.00","4,109.00",8.39K,-3.79%,108179.86
2025-09-22,4280.0,"4,155.00","4,316.00","4,132.00",11.58K,3.51%,112435.6
2025-09-19,4135.0,"4,495.00","4,546.00","4,048.00",10.21K,-7.02%,108626.45
2025-09-18,4447.0,"4,450.00","4,499.00","4,380.00",5.22K,-0.07%,116822.69
2025-09-17,4450.0,"4,751.00","4,762.00","4,423.00",10.00K,-6.92%,116901.5
2025-09-16,4781.0,"4,827.00","4,860.00","4,740.00",7.85K,-1.26%,125596.87
2025-09-15,4842.0,"4,604.00","4,850.00","4,594.00",8.50K,5.24%,127199.34
2025-09-12,4601.0,"4,515.00","4,654.00","4,499.00",4.71K,1.77%,120868.27
2025-09-11,4521.0,"4,480.00","4,570.00","4,394.00",4.68K,0.98%,118766.67
2025-09-10,4477.0,"4,371.00","4,497.00","4,352.00",4.34K,2.43%,117610.79
2025-09-09,4371.0,"4,428.00","4,519.00","4,353.00",5.50K,-1.33%,114826.17
2025-09-08,4430.0,"4,304.00","4,480.00","4,250.00",6.39K,2.81%,116376.1
2025-09-05,4309.0,"4,399.00","4,440.00","4,303.00",5.49K,-2.38%,113197.43
2025-09-04,4414.0,"4,443.00","4,526.00","4,341.00",7.46K,-0.90%,115955.78
2025-09-03,4454.0,"4,392.00","4,491.00","4,340.00",6.86K,1.25%,117006.58
2025-09-02,4399.0,"4,628.00","4,671.00","4,393.00",8.25K,-4.95%,115561.73
2025-09-01,4628.0,"4,800.00","4,817.00","4,610.00",6.23K,-3.88%,121577.56
2025-08-29,4815.0,"4,780.00","4,880.00","4,711.00",7.17K,0.15%,126490.05
2025-08-28,4808.0,"4,869.00","4,986.00","4,782.00",9.29K,-1.44%,126306.16
2025-08-27,4878.0,"4,660.00","4,904.00","4,660.00",8.33K,4.01%,128145.06
2025-08-26,4690.0,"4,570.00","4,708.00","4,522.00",12.35K,0.86%,123206.3
2025-08-22,4650.0,"4,510.00","4,655.00","4,493.00",13.25K,2.88%,122155.5
2025-08-21,4520.0,"4,386.00","4,524.00","4,329.00",14.37K,2.70%,118740.4
2025-08-20,4401.0,"4,281.00","4,442.00","4,220.00",13.95K,6.46%,115614.27
2025-08-19,4134.0,"3,905.00","4,148.00","3,904.00",4.59K,6.14%,108600.18
2025-08-18,3895.0,"3,940.00","3,975.00","3,826.00",4.77K,-1.22%,102321.65
2025-08-15,3943.0,"3,849.00","3,950.00","3,781.00",4.42K,3.38%,103582.61
2025-08-14,3814.0,"3,710.00","3,830.00","3,673.00",5.18K,3.25%,100193.78
2025-08-13,3694.0,"3,555.00","3,744.00","3,547.00",7.77K,3.88%,97041.38
2025-08-12,3556.0,"3,592.00","3,643.00","3,484.00",5.70K,-1.36%,93416.12
2025-08-11,3605.0,"3,449.00","3,625.00","3,421.00",4.33K,4.67%,94703.35
2025-08-08,3444.0,"3,300.00","3,460.00","3,280.00",3.31K,3.73%,90473.88
2025-08-07,3320.0,"3,287.00","3,375.00","3,261.00",3.21K,1.31%,87216.4
2025-08-06,3277.0,"3,303.00","3,330.00","3,200.00",4.51K,-1.03%,86086.79
2025-08-05,3311.0,"3,309.00","3,322.00","3,202.00",3.44K,0.73%,86979.97
2025-08-04,3287.0,"3,238.00","3,314.00","3,190.00",2.30K,2.21%,86349.49
2025-08-01,3216.0,"3,297.00","3,336.00","3,210.00",2.20K,-2.34%,84484.32
2025-07-31,3293.0,"3,318.00","3,377.00","3,258.00",3.73K,-0.03%,86507.11
2025-07-30,3294.0,"3,255.00","3,384.00","3,243.00",3.82K,1.32%,86533.38
2025-07-29,3251.0,"3,259.00","3,267.00","3,151.00",2.65K,-0.79%,85403.77
2025-07-28,3277.0,"3,166.00","3,286.00","3,151.00",2.36K,2.53%,86086.79
2025-07-25,3196.0,"3,304.00","3,335.00","3,183.00",5.34K,-3.27%,83958.92
2025-07-24,3304.0,"3,261.00","3,325.00","3,202.00",5.13K,1.38%,86796.08
2025-07-23,3259.0,"3,228.00","3,269.00","3,163.00",6.96K,-0.09%,85613.93
2025-07-22,3262.0,"3,178.00","3,295.00","3,147.00",7.29K,3.10%,85692.74
2025-07-21,3164.0,"3,320.00","3,322.00","3,156.00",6.71K,-4.76%,83118.28
2025-07-18,3322.0,"3,300.00","3,381.00","3,244.00",3.81K,1.03%,87268.94
2025-07-17,3288.0,"3,386.00","3,422.00","3,232.00",4.71K,-3.18%,86375.76
2025-07-16,3396.0,"3,350.00","3,441.00","3,334.00",4.82K,1.10%,89212.92
2025-07-15,3359.0,"3,440.00","3,511.00","3,347.00",4.30K,-3.06%,88240.93
2025-07-14,3465.0,"3,170.00","3,497.00","3,144.00",5.72K,9.31%,91025.55
2025-07-11,3170.0,"3,256.00","3,369.00","3,163.00",5.32K,-3.18%,83275.9
2025-07-10,3274.0,"3,361.00","3,408.00","3,237.00",7.60K,-3.99%,86007.98
2025-07-09,3410.0,"3,508.00","3,508.00","3,353.00",4.52K,-2.79%,89580.7
2025-07-08,3508.0,"3,475.00","3,530.00","3,443.00",2.89K,1.30%,92155.16
2025-07-07,3463.0,"3,602.00","3,607.00","3,451.00",2.90K,-4.20%,90973.01
2025-07-04,3615.0,"3,579.00","3,617.00","3,513.00",1.12K,1.29%,94966.05
2025-07-03,3569.0,"3,555.00","3,620.00","3,475.00",2.50K,0.51%,93757.63
2025-07-02,3551.0,"3,590.00","3,624.00","3,446.00",3.97K,-1.42%,93284.77
2025-07-01,3602.0,"3,556.00","3,642.00","3,541.00",2.78K,1.01%,94624.54
2025-06-30,3566.0,"3,584.00","3,643.00","3,555.00",4.50K,-0.75%,93678.82
2025-06-27,3593.0,"3,584.00","3,678.00","3,535.00",3.28K,-0.06%,94388.11
2025-06-26,3595.0,"3,480.00","3,623.00","3,413.00",5.31K,3.48%,94440.65
2025-06-25,3474.0,"3,670.00","3,755.00","3,442.00",6.39K,-4.40%,91261.98
2025-06-24,3634.0,"3,873.00","3,886.00","3,613.00",5.74K,-5.63%,95465.18
2025-06-23,3851.0,"3,678.00","3,864.00","3,625.00",5.13K,4.70%,101165.77
2025-06-20,3678.0,"3,821.00","3,897.00","3,644.00",3.65K,-3.82%,96621.06
2025-06-19,3824.0,"3,830.00","3,833.00","3,777.00",1.76K,-0.05%,100456.48
2025-06-18,3826.0,"4,080.00","4,112.00","3,793.00",6.11K,-6.27%,100509.02
2025-06-17,4082.0,"4,117.00","4,210.00","4,063.00",3.12K,-0.95%,107234.14
2025-06-16,4121.0,"4,201.00","4,307.00","4,067.00",3.53K,-2.16%,108258.67
2025-06-13,4212.0,"4,251.00","4,251.00","4,066.00",7.08K,-0.80%,110649.24
2025-06-12,4246.0,"4,234.00","4,283.00","4,186.00",4.04K,0.45%,111542.42
2025-06-11,4227.0,"4,274.00","4,305.00","4,219.00",2.72K,-0.61%,111043.29
2025-06-10,4253.0,"4,411.00","4,455.00","4,245.00",4.43K,-2.99%,111726.31
2025-06-09,4384.0,"4,283.00","4,400.00","4,280.00",3.02K,1.04%,115167.68
2025-06-06,4339.0,"4,420.00","4,597.00","4,321.00",10.50K,-2.38%,113985.53
2025-06-05,4445.0,"4,350.00","4,465.00","4,318.00",9.56K,2.30%,116770.15
2025-06-04,4345.0,"4,318.00","4,410.00","4,294.00",11.03K,0.18%,114143.15
2025-06-03,4337.0,"4,385.00","4,389.00","4,235.00",11.90K,-1.54%,113932.99
2025-06-02,4405.0,"4,423.00","4,457.00","4,350.00",10.23K,-1.30%,115719.35
2025-05-30,4463.0,"4,520.00","4,530.00","4,390.00",9.82K,-1.48%,117243.01
2025-05-29,4530.0,"4,566.00","4,609.00","4,494.00",7.33K,-0.79%,119003.1
2025-05-28,4566.0,"4,684.00","4,684.00","4,523.00",8.95K,-2.69%,119948.82
2025-05-27,4692.0,"4,790.00","4,791.00","4,684.00",5.59K,-2.05%,123258.84
2025-05-23,4790.0,"4,780.00","4,809.00","4,705.00",6.43K,0.06%,125833.3
2025-05-22,4787.0,"4,919.00","4,919.00","4,769.00",7.63K,-2.37%,125754.49
2025-05-21,4903.0,"4,903.00","4,947.00","4,861.00",5.60K,0.00%,128801.81
2025-05-20,4903.0,"4,960.00","4,997.00","4,866.00",6.40K,-1.41%,128801.81
2025-05-19,4973.0,"4,873.00","5,006.00","4,835.00",7.66K,2.22%,130640.71
2025-05-16,4865.0,"4,980.00","4,986.00","4,809.00",9.09K,-2.13%,127803.55
2025-05-15,4971.0,"5,015.00","5,016.00","4,886.00",9.38K,-0.78%,130588.17
2025-05-14,5010.0,"5,131.00","5,140.00","4,988.00",7.44K,-2.32%,131612.7
2025-05-13,5129.0,"5,101.00","5,145.00","5,011.00",5.59K,1.52%,134738.83
2025-05-12,5052.0,"5,239.00","5,241.00","5,033.00",7.69K,-3.33%,132716.04
2025-05-09,5226.0,"5,275.00","5,306.00","5,188.00",4.74K,-0.74%,137287.02
2025-05-08,5265.0,"5,242.00","5,301.00","5,217.00",4.13K,0.50%,138311.55
2025-05-07,5239.0,"5,248.00","5,312.00","5,225.00",4.82K,-0.32%,137628.53
2025-05-06,5256.0,"5,283.00","5,359.00","5,207.00",7.99K,-0.66%,138075.12
2025-05-02,5291.0,"5,120.00","5,324.00","5,120.00",7.97K,3.22%,138994.57
2025-05-01,5126.0,"5,344.00","5,382.00","5,108.00",7.27K,-4.53%,134660.02
2025-04-30,5369.0,"5,288.00","5,423.00","5,260.00",4.92K,1.34%,141043.63
2025-04-29,5298.0,"5,410.00","5,524.00","5,283.00",7.54K,-2.12%,139178.46
2025-04-28,5413.0,"5,380.00","5,436.00","5,320.00",5.89K,-0.04%,142199.51
2025-04-25,5415.0,"5,380.00","5,488.00","5,369.00",9.83K,-0.22%,142252.05
2025-04-24,5427.0,"5,335.00","5,456.00","5,282.00",9.72K,1.21%,142567.29
2025-04-23,5362.0,"5,288.00","5,408.00","5,273.00",9.65K,2.00%,140859.74
2025-04-22,5257.0,"5,200.00","5,267.00","5,136.00",8.87K,-0.38%,138101.39
2025-04-17,5277.0,"5,363.00","5,397.00","5,226.00",8.48K,-1.90%,138626.79
2025-04-16,5379.0,"5,310.00","5,422.00","5,276.00",8.95K,0.73%,141306.33
2025-04-15,5340.0,"5,256.00","5,378.00","5,254.00",8.53K,1.93%,140281.8
2025-04-14,5239.0,"5,051.00","5,259.00","5,051.00",7.82K,3.76%,137628.53
2025-04-11,5049.0,"4,946.00","5,076.00","4,896.00",7.57K,3.13%,132637.23
2025-04-10,4896.0,"5,011.00","5,042.00","4,875.00",12.43K,2.32%,128617.92
2025-04-09,4785.0,"4,790.50","4,804.00","4,610.00",,-0.37%,125701.95
2025-04-08,4803.0,"4,788.00","4,870.00","4,740.00",,0.78%,126174.81
2025-04-07,4766.0,"5,091.00","5,091.00","4,764.00",,-6.22%,125202.82
2025-04-04,5082.0,"5,287.00","5,314.00","5,058.00",4.32K,-4.60%,133504.14
2025-04-03,5327.0,"5,287.00","5,352.00","5,224.00",4.23K,-0.80%,139940.29
2025-04-02,5370.0,"5,381.00","5,422.00","5,272.00",2.58K,-0.07%,141069.9
2025-04-01,5374.0,"5,280.00","5,380.00","5,178.00",3.73K,2.11%,141174.98
2025-03-31,5263.0,"5,322.00","5,388.00","5,243.00",1.56K,-0.96%,138259.01
2025-03-28,5314.0,"5,357.00","5,377.00","5,281.00",1.61K,-0.24%,139598.78
2025-03-27,5327.0,"5,432.00","5,448.00","5,249.00",3.59K,-1.48%,139940.29
2025-03-26,5407.0,"5,533.00","5,544.00","5,401.00",2.64K,-3.08%,142041.89
2025-03-25,5579.0,"5,480.00","5,600.00","5,472.00",5.41K,1.58%,146560.33
2025-03-24,5492.0,"5,494.00","5,554.00","5,455.00",4.82K,-0.22%,144274.84
2025-03-21,5504.0,"5,474.00","5,537.00","5,453.00",4.06K,0.40%,144590.08
2025-03-20,5482.0,"5,500.00","5,545.00","5,424.00",5.12K,-0.49%,144012.14
2025-03-19,5509.0,"5,455.00","5,525.00","5,369.00",5.49K,1.05%,144721.43
2025-03-18,5452.0,"5,452.00","5,499.00","5,406.00",2.91K,0.02%,143224.04
2025-03-17,5451.0,"5,400.00","5,484.00","5,354.00",2.95K,1.38%,143197.77
2025-03-14,5377.0,"5,502.00","5,502.00","5,372.00",3.38K,-2.34%,141253.79
2025-03-13,5506.0,"5,485.00","5,556.00","5,422.00",4.03K,0.40%,144642.62
2025-03-12,5484.0,"5,513.00","5,538.00","5,437.00",4.03K,-0.53%,144064.68
2025-03-11,5513.0,"5,358.00","5,550.00","5,341.00",3.80K,3.20%,144826.51
2025-03-10,5342.0,"5,335.00","5,435.00","5,286.00",3.19K,0.45%,140334.34
2025-03-07,5318.0,"5,399.00","5,432.00","5,257.00",6.11K,-1.26%,139703.86
2025-03-06,5386.0,"5,585.00","5,585.00","5,339.00",4.45K,-3.87%,141490.22
2025-03-05,5603.0,"5,590.00","5,693.00","5,566.00",4.65K,0.07%,147190.81
2025-03-04,5599.0,"5,428.00","5,603.00","5,393.00",3.98K,2.85%,147085.73
2025-03-03,5444.0,"5,300.00","5,490.00","5,295.00",4.25K,2.91%,143013.88
2025-02-28,5290.0,"5,322.00","5,383.00","5,249.00",3.33K,-0.88%,138968.3
2025-02-27,5337.0,"5,320.00","5,428.00","5,314.00",2.18K,-0.67%,140202.99
2025-02-26,5373.0,"5,379.00","5,395.00","5,240.00",3.74K,0.07%,141148.71
2025-02-25,5369.0,"5,558.00","5,566.00","5,301.00",6.33K,-2.49%,141043.63
2025-02-24,5506.0,"5,667.00","5,667.00","5,491.00",4.53K,-2.89%,144642.62
2025-02-21,5670.0,"5,620.00","5,688.00","5,582.00",2.90K,1.07%,148950.9
2025-02-20,5610.0,"5,681.00","5,692.00","5,570.00",3.52K,-1.60%,147374.7
2025-02-19,5701.0,"5,686.00","5,773.00","5,671.00",4.15K,0.41%,149765.27
2025-02-18,5678.0,"5,631.00","5,684.00","5,499.00",3.67K,0.78%,149161.06
2025-02-17,5634.0,"5,670.00","5,740.00","5,606.00",1.80K,-0.70%,148005.18
2025-02-14,5674.0,"5,745.00","5,789.00","5,639.00",3.35K,-1.15%,149055.98
2025-02-13,5740.0,"5,737.00","5,800.00","5,706.00",2.88K,-0.43%,150789.8
2025-02-12,5765.0,"5,606.00","5,788.00","5,579.00",3.61K,2.74%,151446.55
2025-02-11,5611.0,"5,637.00","5,678.00","5,575.00",3.12K,-0.62%,147400.97
2025-02-10,5646.0,"5,564.00","5,678.00","5,536.00",4.14K,2.34%,148320.42
2025-02-07,5517.0,"5,574.00","5,610.00","5,504.00",2.46K,-1.50%,144931.59
2025-02-06,5601.0,"5,600.00","5,651.00","5,583.00",5.79K,0.38%,147138.27
2025-02-05,5580.0,"5,500.00","5,615.00","5,464.00",2.98K,1.81%,146586.6
2025-02-04,5481.0,"5,484.00","5,577.00","5,434.00",2.88K,0.51%,143985.87
2025-02-03,5453.0,"5,606.00","5,615.00","5,427.00",3.16K,-2.94%,143250.31
2025-01-31,5618.0,"5,644.00","5,750.00","5,536.00",2.07K,-0.12%,147584.86
2025-01-30,5625.0,"5,503.00","5,635.00","5,502.00",1.88K,2.07%,147768.75
2025-01-29,5511.0,"5,425.00","5,518.00","5,423.00",1.53K,1.25%,144773.97
2025-01-28,5443.0,"5,363.00","5,449.00","5,288.00",2.23K,0.42%,142987.61
2025-01-27,5420.0,"5,485.00","5,556.00","5,383.00",5.51K,-2.24%,142383.4
2025-01-24,5544.0,"5,500.00","5,600.00","5,425.00",8.37K,1.13%,145640.88
2025-01-23,5482.0,"5,446.00","5,546.00","5,373.00",9.03K,0.55%,144012.14
2025-01-22,5452.0,"5,252.00","5,468.00","5,252.00",8.68K,3.59%,143224.04
2025-01-21,5263.0,"5,126.00","5,335.00","5,111.00",9.32K,2.33%,138259.01
2025-01-20,5143.0,"4,978.00","5,160.00","4,955.00",4.84K,2.74%,135106.61
2025-01-17,5006.0,"4,891.00","5,083.00","4,890.00",11.11K,2.39%,131507.62
2025-01-16,4889.0,"4,922.00","4,982.00","4,883.00",8.64K,-0.47%,128434.03
2025-01-15,4912.0,"4,870.00","4,946.00","4,842.00",7.23K,1.01%,129038.24
2025-01-14,4863.0,"4,902.00","4,911.00","4,853.00",6.01K,-0.80%,127751.01
2025-01-13,4902.0,"4,951.00","4,993.00","4,890.00",7.10K,-1.29%,128775.54
2025-01-10,4966.0,"4,983.00","5,020.00","4,951.00",5.27K,-0.26%,130456.82
2025-01-09,4979.0,"4,990.00","5,017.00","4,956.00",4.51K,0.46%,130798.33
2025-01-08,4956.0,"5,011.00","5,034.00","4,923.00",5.50K,-1.26%,130194.12
2025-01-07,5019.0,"4,990.00","5,040.00","4,970.00",5.27K,0.70%,131849.13
2025-01-06,4984.0,"4,968.00","5,062.00","4,953.00",5.82K,0.32%,130929.68
2025-01-03,4968.0,"5,042.00","5,076.00","4,952.00",4.47K,-1.74%,130509.36
2025-01-02,5056.0,"4,900.00","5,100.00","4,880.00",6.92K,3.71%,132821.12
2024-12-31,4875.0,"4,895.00","4,901.00","4,826.00",4.90K,-0.93%,128066.25
2024-12-30,4921.0,"4,935.00","4,985.00","4,887.00",3.87K,-0.65%,129274.67
2024-12-27,4953.0,"5,030.00","5,030.00","4,933.00",5.92K,-1.75%,130115.31
2024-12-24,5041.0,"5,008.00","5,051.00","5,001.00",2.49K,0.66%,132427.07
2024-12-23,5008.0,"5,000.00","5,032.00","4,938.00",6.05K,0.12%,131560.16
2024-12-20,5002.0,"5,050.00","5,104.00","4,959.00",6.15K,-0.87%,131402.54
2024-12-19,5046.0,"5,158.00","5,204.00","5,014.00",8.17K,-1.81%,132558.42
2024-12-18,5139.0,"5,188.00","5,222.00","5,128.00",7.99K,-0.56%,135001.53
2024-12-17,5168.0,"5,175.00","5,236.00","5,110.00",6.19K,-0.67%,135763.36
2024-12-16,5203.0,"5,105.00","5,264.00","5,085.00",8.27K,0.37%,136682.81
2024-12-13,5184.0,"5,101.00","5,236.00","5,048.00",8.65K,0.62%,136183.68
2024-12-12,5152.0,"5,050.00","5,203.00","5,045.00",6.03K,1.00%,135343.04
2024-12-11,5101.0,"5,198.00","5,198.00","5,020.00",7.71K,-2.50%,134003.27
2024-12-10,5232.0,"5,305.00","5,510.00","5,181.00",11.88K,0.62%,137444.64
2024-12-09,5200.0,"5,090.00","5,308.00","4,982.00",9.55K,1.64%,136604.0
2024-12-06,5116.0,"4,925.00","5,152.00","4,885.00",8.34K,4.99%,134397.32
2024-12-05,4873.0,"4,765.00","4,883.00","4,760.00",7.31K,2.57%,128013.71
2024-12-04,4751.0,"4,645.00","4,760.00","4,540.00",9.93K,3.19%,124808.77
2024-12-03,4604.0,"4,766.00","4,766.00","4,507.00",13.95K,-4.20%,120947.08
2024-12-02,4806.0,"5,301.00","5,309.00","4,793.00",12.07K,-10.62%,126253.62
2024-11-29,5377.0,"5,500.00","5,694.00","5,362.00",6.88K,-2.73%,141253.79
2024-11-28,5528.0,"5,500.00","5,569.00","5,426.00",4.31K,0.58%,145220.56
2024-11-27,5496.0,"5,125.00","5,513.00","5,114.00",9.64K,7.47%,144379.92
2024-11-26,5114.0,"5,032.00","5,167.00","5,030.00",5.61K,0.08%,134344.78
2024-11-25,5110.0,"4,985.00","5,327.00","4,968.00",11.85K,2.51%,134239.7
2024-11-22,4985.0,"4,773.00","5,018.00","4,725.00",6.68K,4.14%,130955.95
2024-11-21,4787.0,"4,845.00","4,856.00","4,763.00",5.17K,-0.23%,125754.49
2024-11-20,4798.0,"4,686.00","4,815.00","4,674.00",4.60K,3.05%,126043.46
2024-11-19,4656.0,"4,725.00","4,747.00","4,630.00",7.35K,-1.67%,122313.12
2024-11-18,4735.0,"4,749.00","4,877.00","4,682.00",7.48K,-0.80%,124388.45
2024-11-15,4773.0,"4,700.00","4,868.00","4,686.00",6.84K,-0.08%,125386.71
2024-11-14,4777.0,"4,628.00","4,867.00","4,594.00",9.08K,3.13%,125491.79
2024-11-13,4632.0,"4,519.00","4,646.00","4,492.00",6.73K,2.09%,121682.64
2024-11-12,4537.0,"4,466.00","4,612.00","4,458.00",6.39K,1.36%,119186.99
2024-11-11,4476.0,"4,343.00","4,490.00","4,341.00",5.46K,2.29%,117584.52
2024-11-08,4376.0,"4,475.00","4,475.00","4,369.00",5.28K,-2.45%,114957.52
2024-11-07,4486.0,"4,323.00","4,508.00","4,320.00",7.96K,4.16%,117847.22
2024-11-06,4307.0,"4,352.00","4,359.00","4,241.00",6.20K,-1.49%,113144.89
2024-11-05,4372.0,"4,323.00","4,400.00","4,310.00",4.40K,1.25%,114852.44
2024-11-04,4318.0,"4,279.00","4,330.00","4,271.00",5.47K,0.91%,113433.86
2024-11-01,4279.0,"4,380.00","4,405.00","4,259.00",7.18K,-2.06%,112409.33
2024-10-31,4369.0,"4,429.00","4,458.00","4,357.00",4.23K,-1.89%,114773.63
2024-10-30,4453.0,"4,400.00","4,475.00","4,340.00",6.02K,1.25%,116980.31
2024-10-29,4398.0,"4,492.00","4,558.00","4,376.00",4.85K,-2.31%,115535.46
2024-10-28,4502.0,"4,406.00","4,535.00","4,389.00",5.74K,2.06%,118267.54
2024-10-25,4411.0,"4,340.00","4,426.00","4,296.00",6.98K,1.71%,115876.97
2024-10-24,4337.0,"4,443.00","4,521.00","4,332.00",10.18K,-2.39%,113932.99
2024-10-23,4443.0,"4,425.00","4,458.00","4,366.00",8.41K,0.41%,116717.61
2024-10-22,4425.0,"4,512.00","4,582.00","4,395.00",10.39K,-1.73%,116244.75
2024-10-21,4503.0,"4,564.00","4,583.00","4,450.00",7.37K,-2.43%,118293.81
2024-10-18,4615.0,"4,580.00","4,648.00","4,552.00",6.78K,0.37%,121236.05
2024-10-17,4598.0,"4,752.00","4,777.00","4,567.00",9.07K,-3.24%,120789.46
2024-10-16,4752.0,"4,792.00","4,867.00","4,717.00",10.73K,-0.54%,124835.04
2024-10-15,4778.0,"4,839.00","4,880.00","4,772.00",7.32K,-1.34%,125518.06
2024-10-14,4843.0,"4,669.00","4,854.00","4,658.00",11.16K,3.53%,127225.61
2024-10-11,4678.0,"4,742.00","4,795.00","4,666.00",8.83K,-1.35%,122891.06
2024-10-10,4742.0,"4,684.00","4,778.00","4,656.00",6.87K,0.87%,124572.34
2024-10-09,4701.0,"4,669.00","4,773.00","4,626.00",9.28K,0.36%,123495.27
2024-10-08,4684.0,"4,690.00","4,739.00","4,612.00",11.68K,0.52%,123048.68
2024-10-07,4660.0,"4,841.00","4,841.00","4,648.00",10.53K,-4.10%,122418.2
2024-10-04,4859.0,"4,725.00","4,876.00","4,677.00",7.10K,2.94%,127645.93
2024-10-03,4720.0,"4,875.00","4,949.00","4,704.00",9.08K,-2.92%,123994.4
2024-10-02,4862.0,"5,151.00","5,190.00","4,851.00",11.97K,-6.12%,127724.74
2024-10-01,5179.0,"5,232.00","5,236.00","5,118.00",7.76K,-0.88%,136052.33
2024-09-30,5225.0,"5,172.00","5,235.00","5,140.00",5.68K,0.42%,137260.75
2024-09-27,5203.0,"5,242.00","5,242.00","5,099.00",4.22K,-0.74%,136682.81
2024-09-26,5242.0,"5,140.00","5,280.00","5,136.00",6.15K,1.75%,137707.34
2024-09-25,5152.0,"5,029.00","5,175.00","4,962.00",6.43K,-3.01%,135343.04
2024-09-24,5312.0,"5,258.00","5,372.00","5,196.00",5.94K,0.68%,139546.24
2024-09-23,5276.0,"5,020.00","5,293.00","5,018.00",6.65K,4.29%,138600.52
2024-09-20,5059.0,"5,259.00","5,279.00","5,008.00",9.32K,-3.60%,132899.93
2024-09-19,5248.0,"5,295.00","5,345.00","5,210.00",6.99K,-1.61%,137864.96
2024-09-18,5334.0,"5,319.00","5,369.00","5,208.00",6.17K,0.58%,140124.18
2024-09-17,5303.0,"5,242.00","5,350.00","5,123.00",7.41K,1.09%,139309.81
2024-09-16,5246.0,"5,252.00","5,486.00","5,227.00",8.56K,-0.40%,137812.42
2024-09-13,5267.0,"5,077.00","5,281.00","5,050.00",6.96K,3.74%,138364.09
2024-09-12,5077.0,"5,000.00","5,115.00","4,993.00",8.26K,1.38%,133372.79
2024-09-11,5008.0,"4,897.00","5,023.00","4,861.00",4.92K,2.27%,131560.16
2024-09-10,4897.0,"4,892.00","4,986.00","4,847.00",6.99K,0.12%,128644.19
2024-09-09,4891.0,"4,795.00","4,908.00","4,780.00",5.42K,2.54%,128486.57
2024-09-06,4770.0,"4,900.00","4,925.00","4,750.00",6.39K,-2.87%,125307.9
2024-09-05,4911.0,"4,887.00","4,966.00","4,871.00",6.37K,-0.02%,129011.97
2024-09-04,4912.0,"4,718.00","4,928.00","4,701.00",8.93K,4.29%,129038.24
2024-09-03,4710.0,"4,750.00","4,875.00","4,664.00",8.95K,0.21%,123731.7
2024-09-02,4700.0,"4,916.00","4,916.00","4,674.00",8.61K,-5.01%,123469.0
2024-08-30,4948.0,"4,875.00","5,180.00","4,868.00",15.41K,0.96%,129983.96
2024-08-29,4901.0,"4,912.00","4,972.00","4,745.00",9.63K,-0.51%,128749.27
2024-08-28,4926.0,"4,838.00","4,944.00","4,768.00",7.39K,1.65%,129406.02
2024-08-27,4846.0,"4,750.00","4,952.00","4,730.00",11.05K,2.78%,127304.42
2024-08-23,4715.0,"4,574.00","4,728.00","4,540.00",10.53K,3.08%,123863.05
2024-08-22,4574.0,"4,619.00","4,650.00","4,536.00",7.51K,-1.25%,120158.98
2024-08-21,4632.0,"4,594.00","4,658.00","4,527.00",13.79K,0.28%,121682.64
2024-08-20,4619.0,"4,451.00","4,656.00","4,450.00",13.60K,3.19%,121341.13
2024-08-19,4476.0,"4,442.00","4,535.00","4,415.00",11.71K,0.54%,117584.52
2024-08-16,4452.0,"4,373.00","4,485.00","4,343.00",11.43K,1.69%,116954.04
2024-08-15,4378.0,"4,286.00","4,389.00","4,256.00",8.28K,2.00%,115010.06
2024-08-14,4292.0,"4,187.00","4,318.00","4,163.00",7.99K,2.51%,112750.84
2024-08-13,4187.0,"4,310.00","4,320.00","4,159.00",11.84K,-3.95%,109992.49
2024-08-12,4359.0,"4,350.00","4,449.00","4,251.00",10.32K,4.73%,114510.93
2024-08-09,4162.0,"4,257.00","4,285.00","4,155.00",7.10K,-2.14%,109335.74
2024-08-08,4253.0,"4,280.00","4,393.00","4,233.00",7.36K,-0.77%,111726.31
2024-08-07,4286.0,"4,174.00","4,321.00","4,157.00",8.64K,2.29%,112593.22
2024-08-06,4190.0,"4,050.00","4,234.00","4,047.00",9.90K,4.00%,110071.3
2024-08-05,4029.0,"4,058.00","4,058.00","3,931.00",11.20K,-1.44%,105841.83
2024-08-02,4088.0,"4,083.00","4,106.00","4,057.00",6.01K,0.12%,107391.76
2024-08-01,4083.0,"4,102.00","4,132.00","4,018.00",8.16K,-0.80%,107260.41
2024-07-31,4116.0,"4,125.00","4,161.00","4,073.00",7.11K,-0.05%,108127.32
2024-07-30,4118.0,"4,120.00","4,160.00","4,053.00",6.43K,-0.10%,108179.86
2024-07-29,4122.0,"4,135.00","4,166.00","4,108.00",5.69K,-0.67%,108284.94
2024-07-26,4150.0,"4,219.00","4,219.00","4,145.00",3.10K,-5.57%,109020.5
2024-07-25,4395.0,"4,327.00","4,400.00","4,301.00",7.11K,1.57%,115456.65
2024-07-24,4327.0,"4,492.00","4,530.00","4,316.00",9.44K,-3.44%,113670.29
2024-07-23,4481.0,"4,571.00","4,572.00","4,470.00",6.36K,-2.18%,117715.87
2024-07-22,4581.0,"4,516.00","4,602.00","4,476.00",4.61K,1.13%,120342.87
2024-07-19,4530.0,"4,487.00","4,536.00","4,380.00",5.44K,1.14%,119003.1
2024-07-18,4479.0,"4,580.00","4,588.00","4,459.00",6.96K,-1.99%,117663.33
2024-07-17,4570.0,"4,573.00","4,644.00","4,515.00",6.07K,-0.04%,120053.9
2024-07-16,4572.0,"4,590.00","4,666.00","4,549.00",5.93K,-0.24%,120106.44
2024-07-15,4583.0,"4,588.00","4,664.00","4,522.00",5.82K,-0.74%,120395.41
2024-07-12,4617.0,"4,574.00","4,638.00","4,472.00",5.51K,0.90%,121288.59
2024-07-11,4576.0,"4,528.00","4,681.00","4,466.00",6.97K,2.21%,120211.52
2024-07-10,4477.0,"4,622.00","4,622.00","4,444.00",9.58K,-3.39%,117610.79
2024-07-09,4634.0,"4,334.00","4,667.00","4,325.00",13.34K,6.58%,121735.18
2024-07-08,4348.0,"4,189.00","4,390.00","4,188.00",8.61K,3.89%,114221.96
2024-07-05,4185.0,"4,140.00","4,240.00","4,133.00",6.89K,0.77%,109939.95
2024-07-04,4153.0,"4,066.00","4,183.00","4,063.00",5.03K,2.34%,109099.31
2024-07-03,4058.0,"4,082.00","4,126.00","4,029.00",5.93K,-0.83%,106603.66
2024-07-02,4092.0,"4,065.00","4,123.00","3,983.00",6.02K,0.61%,107496.84
2024-07-01,4067.0,"4,021.00","4,083.00","3,946.00",7.88K,1.40%,106840.09
2024-06-28,4011.0,"4,060.00","4,105.00","3,981.00",6.61K,-0.89%,105368.97
2024-06-27,4047.0,"4,079.00","4,113.00","4,028.00",4.25K,-0.30%,106314.69
2024-06-26,4059.0,"4,126.00","4,187.00","4,023.00",6.41K,-1.41%,106629.93
2024-06-25,4117.0,"4,230.00","4,261.00","4,101.00",6.79K,-3.17%,108153.59
2024-06-24,4252.0,"4,124.00","4,295.00","4,115.00",12.35K,3.61%,111700.04
2024-06-21,4104.0,"4,146.00","4,208.00","4,085.00",7.20K,-1.72%,107812.08
2024-06-20,4176.0,"4,047.00","4,230.00","4,041.00",9.64K,2.86%,109703.52
2024-06-19,4060.0,"3,984.00","4,085.00","3,974.00",13.41K,1.65%,106656.2
2024-06-18,3994.0,"4,055.00","4,065.00","3,965.00",8.58K,-1.55%,104922.38
2024-06-17,4057.0,"4,000.00","4,069.00","3,989.00",8.58K,1.20%,106577.39
2024-06-14,4009.0,"4,078.00","4,102.00","3,965.00",10.64K,-2.05%,105316.43
2024-06-13,4093.0,"4,099.00","4,178.00","4,071.00",11.27K,0.17%,107523.11
2024-06-12,4086.0,"4,027.00","4,090.00","4,011.00",10.32K,0.81%,107339.22
2024-06-11,4053.0,"4,087.00","4,151.00","4,037.00",9.31K,-0.71%,106472.31
2024-06-10,4082.0,"4,119.00","4,184.00","4,015.00",10.20K,-1.11%,107234.14
2024-06-07,4128.0,"4,280.00","4,289.00","4,081.00",9.54K,-3.87%,108442.56
2024-06-06,4294.0,"4,311.00","4,394.00","4,258.00",11.07K,-0.65%,112803.38
2024-06-05,4322.0,"4,170.00","4,336.00","4,120.00",13.04K,3.17%,113538.94
2024-06-04,4189.0,"4,100.00","4,197.00","4,051.00",9.63K,1.92%,110045.03
2024-06-03,4110.0,"3,987.00","4,157.00","3,977.00",8.15K,3.09%,107969.7
2024-05-31,3987.0,"4,129.00","4,219.00","3,940.00",8.96K,-3.49%,104738.49
2024-05-30,4131.0,"4,015.00","4,221.00","3,947.00",7.15K,2.20%,108521.37
2024-05-29,4042.0,"4,015.00","4,217.00","3,955.00",8.71K,0.42%,106183.34
2024-05-28,4025.0,"3,812.00","4,042.00","3,768.00",7.03K,3.42%,105736.75
2024-05-24,3892.0,"3,820.00","3,907.00","3,810.00",5.99K,1.91%,102242.84
2024-05-23,3819.0,"3,926.00","3,994.00","3,741.00",12.89K,-2.50%,100325.13
2024-05-22,3917.0,"3,736.00","3,928.00","3,736.00",14.63K,4.90%,102899.59
2024-05-21,3734.0,"3,516.00","3,745.00","3,494.00",13.78K,6.72%,98092.18
2024-05-20,3499.0,"3,510.00","3,524.00","3,469.00",6.69K,-0.54%,91918.73
2024-05-17,3518.0,"3,420.00","3,524.00","3,410.00",8.02K,2.87%,92417.86
2024-05-16,3420.0,"3,402.00","3,425.00","3,381.00",8.30K,0.53%,89843.4
2024-05-15,3402.0,"3,443.00","3,459.00","3,369.00",6.95K,-0.90%,89370.54
2024-05-14,3433.0,"3,380.00","3,441.00","3,356.00",7.28K,1.00%,90184.91
2024-05-13,3399.0,"3,440.00","3,489.00","3,385.00",6.23K,-1.19%,89291.73
2024-05-10,3440.0,"3,446.00","3,484.00","3,410.00",6.37K,0.03%,90368.8
2024-05-09,3439.0,"3,420.00","3,499.00","3,419.00",8.49K,0.73%,90342.53
2024-05-08,3414.0,"3,367.00","3,449.00","3,330.00",10.84K,1.07%,89685.78
2024-05-07,3378.0,"3,440.00","3,440.00","3,261.00",21.62K,-4.60%,88740.06
2024-05-03,3541.0,"3,675.00","3,680.00","3,534.00",13.10K,-3.78%,93022.07
2024-05-02,3680.0,"3,977.00","3,999.00","3,620.00",25.74K,-7.49%,96673.6
2024-05-01,3978.0,"4,008.00","4,058.00","3,955.00",10.05K,-1.07%,104502.06
2024-04-30,4021.0,"4,164.00","4,168.00","4,003.00",10.88K,-3.43%,105631.67
2024-04-29,4164.0,"4,151.00","4,239.00","4,137.00",9.40K,0.31%,109388.28
2024-04-26,4151.0,"4,296.00","4,303.00","4,132.00",9.44K,-3.55%,109046.77
2024-04-25,4304.0,"4,263.00","4,338.00","4,239.00",9.80K,0.89%,113066.08
2024-04-24,4266.0,"4,121.00","4,305.00","4,094.00",14.63K,3.62%,112067.82
2024-04-23,4117.0,"4,140.00","4,186.00","4,076.00",10.56K,-0.39%,108153.59
2024-04-22,4133.0,"4,090.00","4,150.00","4,063.00",11.91K,1.30%,108573.91
2024-04-19,4080.0,"4,067.00","4,202.00","4,061.00",12.73K,0.44%,107181.6
2024-04-18,4062.0,"4,185.00","4,292.00","4,044.00",16.34K,-3.17%,106708.74
2024-04-17,4195.0,"3,991.00","4,206.00","3,952.00",17.83K,5.48%,110202.65
2024-04-16,3977.0,"3,976.00","4,036.00","3,958.00",11.48K,0.71%,104475.79
2024-04-15,3949.0,"3,832.00","3,975.00","3,805.00",16.02K,2.52%,103740.23
2024-04-12,3852.0,"3,780.00","3,903.00","3,780.00",15.53K,1.64%,101192.04
2024-04-11,3790.0,"3,703.00","3,851.00","3,703.00",11.26K,2.02%,99563.3
2024-04-10,3715.0,"3,670.00","3,732.00","3,664.00",10.12K,1.14%,97593.05
2024-04-09,3673.0,"3,708.00","3,709.00","3,659.00",9.47K,-0.27%,96489.71
2024-04-08,3683.0,"3,680.00","3,720.00","3,639.00",12.47K,0.11%,96752.41
2024-04-05,3679.0,"3,690.00","3,715.00","3,670.00",18.08K,-0.51%,96647.33
2024-04-04,3698.0,"3,751.00","3,769.00","3,663.00",16.45K,-0.78%,97146.46
2024-04-03,3727.0,"3,573.00","3,752.00","3,552.00",17.68K,4.11%,97908.29
2024-04-02,3580.0,"3,407.00","3,591.00","3,406.00",13.27K,5.42%,94046.6
2024-03-28,3396.0,"3,455.00","3,485.00","3,387.00",7.82K,-2.05%,89212.92
2024-03-27,3467.0,"3,375.00","3,489.00","3,375.00",7.21K,2.73%,91078.09
2024-03-26,3375.0,"3,330.00","3,431.00","3,330.00",6.71K,1.47%,88661.25
2024-03-25,3326.0,"3,257.00","3,329.00","3,257.00",3.19K,-0.95%,87374.02
2024-03-22,3358.0,"3,389.00","3,428.00","3,355.00",7.20K,-0.80%,88214.66
2024-03-21,3385.0,"3,337.00","3,393.00","3,327.00",7.54K,2.11%,88923.95
2024-03-20,3315.0,"3,343.00","3,379.00","3,301.00",6.87K,-1.16%,87085.05
2024-03-19,3354.0,"3,347.00","3,364.00","3,284.00",8.64K,0.33%,88109.58
2024-03-18,3343.0,"3,305.00","3,378.00","3,301.00",7.08K,1.06%,87820.61
2024-03-15,3308.0,"3,283.00","3,318.00","3,253.00",5.79K,0.95%,86901.16
2024-03-14,3277.0,"3,259.00","3,325.00","3,251.00",6.87K,0.52%,86086.79
2024-03-13,3260.0,"3,303.00","3,324.00","3,233.00",6.36K,-1.42%,85640.2
2024-03-12,3307.0,"3,275.00","3,335.00","3,271.00",4.92K,0.85%,86874.89
2024-03-11,3279.0,"3,296.00","3,316.00","3,268.00",5.63K,-0.55%,86139.33
2024-03-08,3297.0,"3,360.00","3,373.00","3,256.00",9.99K,-2.48%,86612.19
2024-03-07,3381.0,"3,303.00","3,460.00","3,288.00",16.01K,2.18%,88818.87
2024-03-06,3309.0,"3,185.00","3,328.00","3,172.00",14.87K,4.06%,86927.43
2024-03-05,3180.0,"3,190.00","3,217.00","3,163.00",9.48K,-0.28%,83538.6
2024-03-04,3189.0,"3,132.00","3,238.00","3,122.00",13.39K,1.46%,83775.03
2024-03-01,3143.0,"3,099.00","3,155.00","3,092.00",11.86K,1.55%,82566.61
2024-02-29,3095.0,"3,048.00","3,110.00","3,035.00",7.58K,1.68%,81305.65
2024-02-28,3044.0,"3,070.00","3,070.00","3,022.00",8.80K,-1.07%,79965.88
2024-02-27,3077.0,"3,030.00","3,097.00","2,981.00",15.11K,1.89%,80832.79
2024-02-26,3020.0,"3,025.00","3,075.00","3,011.00",9.30K,-0.33%,79335.4
2024-02-23,3030.0,"3,115.00","3,115.00","3,012.00",16.52K,-2.67%,79598.1
2024-02-22,3113.0,"3,172.00","3,174.00","3,103.00",11.86K,-2.01%,81778.51
2024-02-21,3177.0,"3,140.00","3,180.00","3,140.00",12.03K,0.99%,83459.79
2024-02-20,3146.0,"3,172.00","3,172.00","3,117.00",11.63K,-0.82%,82645.42
2024-02-19,3172.0,"3,133.00","3,175.00","3,108.00",6.33K,0.99%,83328.44
2024-02-16,3141.0,"3,114.00","3,163.00","3,104.00",12.47K,1.06%,82514.07
2024-02-15,3108.0,"3,085.00","3,124.00","3,069.00",9.26K,0.58%,81647.16
2024-02-14,3090.0,"3,153.00","3,165.00","3,085.00",14.80K,-2.31%,81174.3
2024-02-13,3163.0,"3,192.00","3,210.00","3,157.00",9.29K,-0.91%,83092.01
2024-02-12,3192.0,"3,200.00","3,241.00","3,168.00",12.99K,-0.78%,83853.84
2024-02-09,3217.0,"3,119.00","3,223.00","3,119.00",12.39K,3.47%,84510.59
2024-02-08,3109.0,"3,119.00","3,129.00","3,093.00",7.73K,-0.19%,81673.43
2024-02-07,3115.0,"3,107.00","3,144.00","3,097.00",11.50K,0.61%,81831.05
2024-02-06,3096.0,"3,070.00","3,115.00","3,070.00",14.14K,0.91%,81331.92
2024-02-05,3068.0,"3,112.00","3,132.00","3,057.00",11.21K,-1.54%,80596.36
2024-02-02,3116.0,"3,146.00","3,184.00","3,103.00",11.34K,-1.11%,81857.32
2024-02-01,3151.0,"3,165.00","3,191.00","3,145.00",8.90K,-0.54%,82776.77
2024-01-31,3168.0,"3,171.00","3,220.00","3,154.00",11.15K,-0.41%,83223.36
2024-01-30,3181.0,"3,116.00","3,225.00","3,109.00",11.30K,1.89%,83564.87
2024-01-29,3122.0,"3,105.00","3,167.00","3,086.00",9.55K,0.32%,82014.94
2024-01-26,3112.0,"3,085.00","3,161.00","3,079.00",10.44K,-4.28%,81752.24
2024-01-25,3251.0,"3,210.00","3,262.00","3,162.00",9.62K,1.37%,85403.77
2024-01-24,3207.0,"3,192.00","3,254.00","3,173.00",7.04K,0.79%,84247.89
2024-01-23,3182.0,"3,214.00","3,233.00","3,172.00",11.00K,-1.18%,83591.14
2024-01-22,3220.0,"3,114.00","3,229.00","3,099.00",7.14K,2.94%,84589.4
2024-01-19,3128.0,"3,080.00","3,142.00","3,067.00",7.43K,2.12%,82172.56
2024-01-18,3063.0,"3,130.00","3,142.00","3,056.00",11.90K,-2.95%,80465.01
2024-01-17,3156.0,"3,170.00","3,174.00","3,107.00",18.56K,-0.44%,82908.12
2024-01-16,3170.0,"2,990.00","3,177.00","2,990.00",18.91K,6.13%,83275.9
2024-01-15,2987.0,"2,939.00","2,998.00","2,939.00",4.44K,1.63%,78468.49
2024-01-12,2939.0,"2,938.00","2,988.00","2,915.00",9.06K,0.03%,77207.53
2024-01-11,2938.0,"2,940.00","2,992.00","2,928.00",8.85K,-0.41%,77181.26
2024-01-10,2950.0,"2,923.00","2,995.00","2,881.00",11.91K,0.61%,77496.5
2024-01-09,2932.0,"2,878.00","2,967.00","2,854.00",14.85K,1.63%,77023.64
2024-01-08,2885.0,"2,788.00","2,898.00","2,781.00",11.22K,3.22%,75788.95
2024-01-05,2795.0,"2,786.00","2,819.00","2,778.00",6.58K,0.32%,73424.65
2024-01-04,2786.0,"2,763.00","2,798.00","2,755.00",7.23K,1.13%,73188.22
2024-01-03,2755.0,"2,808.00","2,841.00","2,744.00",8.34K,-1.75%,72373.85
2024-01-02,2804.0,"2,845.00","2,863.00","2,803.00",6.51K,-1.30%,73661.08
2023-12-29,2841.0,"2,931.00","2,935.00","2,830.00",6.57K,-3.24%,74633.07
2023-12-28,2936.0,"2,859.00","2,953.00","2,846.00",8.67K,2.34%,77128.72
2023-12-27,2869.0,"2,855.00","2,885.00","2,829.00",11.35K,1.13%,75368.63
2023-12-22,2837.0,"2,934.00","2,943.00","2,819.00",9.64K,-4.28%,74527.99
2023-12-21,2964.0,"2,875.00","2,970.00","2,838.00",15.27K,3.28%,77864.28
2023-12-20,2870.0,"2,930.00","2,935.00","2,840.00",19.83K,-2.11%,75394.9
2023-12-19,2932.0,"2,800.00","2,952.00","2,773.00",15.62K,4.86%,77023.64
2023-12-18,2796.0,"2,825.00","2,846.00","2,782.00",10.17K,-1.03%,73450.92
2023-12-15,2825.0,"2,792.00","2,860.00","2,790.00",12.50K,1.00%,74212.75
2023-12-14,2797.0,"2,769.00","2,800.00","2,728.00",11.76K,1.01%,73477.19
2023-12-13,2769.0,"2,721.00","2,810.00","2,696.00",17.02K,1.65%,72741.63
2023-12-12,2724.0,"2,613.00","2,733.00","2,611.00",17.16K,3.89%,71559.48
2023-12-11,2622.0,"2,531.00","2,635.00","2,520.00",10.44K,3.80%,68879.94
2023-12-08,2526.0,"2,544.00","2,554.00","2,520.00",8.04K,-0.59%,66358.02
2023-12-07,2541.0,"2,532.00","2,568.00","2,516.00",11.61K,1.15%,66752.07
2023-12-06,2512.0,"2,563.00","2,586.00","2,503.00",16.97K,-1.61%,65990.24
2023-12-05,2553.0,"2,513.00","2,560.00","2,471.00",14.72K,1.59%,67067.31
2023-12-04,2513.0,"2,525.00","2,525.00","2,465.00",18.83K,-0.59%,66016.51
2023-12-01,2528.0,"2,543.00","2,563.00","2,499.00",16.25K,-0.71%,66410.56
2023-11-30,2546.0,"2,475.00","2,550.00","2,469.00",12.20K,3.16%,66883.42
2023-11-29,2468.0,"2,470.00","2,478.00","2,442.00",9.94K,-0.52%,64834.36
2023-11-28,2481.0,"2,476.00","2,492.00","2,459.00",11.82K,0.12%,65175.87
2023-11-27,2478.0,"2,462.00","2,490.00","2,446.00",8.32K,-2.63%,65097.06
2023-11-24,2545.0,"2,494.00","2,558.00","2,480.00",8.85K,2.17%,66857.15
2023-11-23,2491.0,"2,516.00","2,516.00","2,465.00",4.89K,-0.95%,65438.57
2023-11-22,2515.0,"2,489.00","2,528.00","2,434.00",10.33K,1.33%,66069.05
2023-11-21,2482.0,"2,510.00","2,520.00","2,457.00",8.22K,-0.92%,65202.14
2023-11-20,2505.0,"2,516.00","2,554.00","2,471.00",7.60K,-0.63%,65806.35
2023-11-17,2521.0,"2,555.00","2,582.00","2,498.00",9.23K,-1.75%,66226.67
2023-11-16,2566.0,"2,540.00","2,594.00","2,538.00",14.28K,0.67%,67408.82
2023-11-15,2549.0,"2,479.00","2,552.00","2,472.00",9.89K,3.03%,66962.23
2023-11-14,2474.0,"2,495.00","2,521.00","2,459.00",10.67K,-1.16%,64991.98
2023-11-13,2503.0,"2,409.00","2,507.00","2,394.00",11.78K,3.39%,65753.81
2023-11-10,2421.0,"2,429.00","2,439.00","2,396.00",8.17K,-0.37%,63599.67
2023-11-09,2430.0,"2,411.00","2,447.00","2,408.00",8.27K,1.00%,63836.1
2023-11-08,2406.0,"2,368.00","2,412.00","2,358.00",7.68K,2.04%,63205.62
2023-11-07,2358.0,"2,414.00","2,417.00","2,342.00",11.27K,-2.64%,61944.66
2023-11-06,2422.0,"2,360.00","2,425.00","2,360.00",7.79K,2.11%,63625.94
2023-11-03,2372.0,"2,333.00","2,374.00","2,321.00",8.49K,1.89%,62312.44
2023-11-02,2328.0,"2,315.00","2,364.00","2,313.00",10.81K,0.69%,61156.56
2023-11-01,2312.0,"2,370.00","2,370.00","2,296.00",11.02K,-2.28%,60736.24
2023-10-31,2366.0,"2,315.00","2,378.00","2,305.00",12.23K,2.25%,62154.82
2023-10-30,2314.0,"2,370.00","2,371.00","2,305.00",17.27K,-2.90%,60788.78
2023-10-27,2383.0,"2,415.00","2,437.00","2,364.00",9.56K,-1.53%,62601.41
2023-10-26,2420.0,"2,463.00","2,470.00","2,400.00",12.35K,-1.91%,63573.4
2023-10-25,2467.0,"2,483.00","2,492.00","2,455.00",14.74K,-1.04%,64808.09
2023-10-24,2493.0,"2,531.00","2,534.00","2,483.00",17.53K,-1.31%,65491.11
2023-10-23,2526.0,"2,465.00","2,568.00","2,446.00",21.59K,1.90%,66358.02
2023-10-20,2479.0,"2,394.00","2,520.00","2,386.00",29.86K,3.21%,65123.33
2023-10-19,2402.0,"2,340.00","2,406.00","2,333.00",14.33K,2.87%,63100.54
2023-10-18,2335.0,"2,330.00","2,345.00","2,313.00",10.29K,0.65%,61340.45
2023-10-17,2320.0,"2,300.00","2,330.00","2,290.00",12.02K,1.05%,60946.4
2023-10-16,2296.0,"2,275.00","2,303.00","2,263.00",9.45K,0.53%,60315.92
2023-10-13,2284.0,"2,249.00","2,307.00","2,240.00",11.45K,1.29%,60000.68
2023-10-12,2255.0,"2,239.00","2,263.00","2,231.00",8.53K,0.89%,59238.85
2023-10-11,2235.0,"2,241.00","2,258.00","2,225.00",12.37K,-0.45%,58713.45
2023-10-10,2245.0,"2,240.00","2,253.00","2,223.00",17.38K,0.09%,58976.15
2023-10-09,2243.0,"2,276.00","2,276.00","2,240.00",15.49K,-1.62%,58923.61
2023-10-06,2280.0,"2,299.00","2,301.00","2,255.00",15.24K,-0.96%,59895.6
2023-10-05,2302.0,"2,307.00","2,334.00","2,293.00",12.81K,-0.56%,60473.54
2023-10-04,2315.0,"2,326.00","2,331.00","2,299.00",14.46K,-0.73%,60815.05
2023-10-03,2332.0,"2,369.00","2,375.00","2,325.00",10.13K,-1.77%,61261.64
2023-10-02,2374.0,"2,361.00","2,392.00","2,361.00",5.35K,0.21%,62364.98
2023-09-29,2369.0,"2,372.00","2,376.00","2,352.00",5.81K,-0.13%,62233.63
2023-09-28,2372.0,"2,345.00","2,375.00","2,342.00",7.26K,1.11%,62312.44
2023-09-27,2346.0,"2,350.00","2,360.00","2,335.00",5.22K,-0.26%,61629.42
2023-09-26,2352.0,"2,345.00","2,370.00","2,344.00",4.79K,-3.72%,61787.04
2023-09-25,2443.0,"2,461.00","2,488.00","2,441.00",5.62K,-0.73%,64177.61
2023-09-22,2461.0,"2,465.00","2,496.00","2,439.00",9.42K,-0.12%,64650.47
2023-09-21,2464.0,"2,508.00","2,515.00","2,455.00",8.62K,-1.75%,64729.28
2023-09-20,2508.0,"2,546.00","2,554.00","2,499.00",9.12K,-1.26%,65885.16
2023-09-19,2540.0,"2,572.00","2,610.00","2,535.00",12.18K,-1.01%,66725.8
2023-09-18,2566.0,"2,555.00","2,610.00","2,551.00",13.50K,0.39%,67408.82
2023-09-15,2556.0,"2,496.00","2,560.00","2,486.00",9.56K,2.44%,67146.12
2023-09-14,2495.0,"2,479.00","2,508.00","2,451.00",9.01K,0.65%,65543.65
2023-09-13,2479.0,"2,434.00","2,484.00","2,427.00",10.77K,2.02%,65123.33
2023-09-12,2430.0,"2,436.00","2,436.00","2,386.00",7.67K,-0.37%,63836.1
2023-09-11,2439.0,"2,405.00","2,457.00","2,400.00",8.85K,1.33%,64072.53
2023-09-08,2407.0,"2,407.00","2,432.00","2,397.00",5.62K,0.00%,63231.89
2023-09-07,2407.0,"2,455.00","2,465.00","2,401.00",7.54K,-2.00%,63231.89
2023-09-06,2456.0,"2,450.00","2,474.00","2,434.00",6.97K,0.12%,64519.12
2023-09-05,2453.0,"2,483.00","2,484.00","2,425.00",10.63K,-1.21%,64440.31
2023-09-04,2483.0,"2,482.00","2,501.00","2,472.00",3.10K,0.04%,65228.41
2023-09-01,2482.0,"2,489.00","2,515.00","2,475.00",7.28K,-0.28%,65202.14
2023-08-31,2489.0,"2,500.00","2,529.00","2,481.00",14.68K,-0.28%,65386.03
2023-08-30,2496.0,"2,456.00","2,504.00","2,456.00",11.01K,1.92%,65569.92
2023-08-29,2449.0,"2,439.00","2,482.00","2,427.00",10.09K,0.49%,64335.23
2023-08-25,2437.0,"2,408.00","2,445.00","2,392.00",8.86K,1.29%,64019.99
2023-08-24,2406.0,"2,412.00","2,417.00","2,372.00",15.76K,0.17%,63205.62
2023-08-23,2402.0,"2,387.00","2,419.00","2,376.00",11.07K,1.18%,63100.54
2023-08-22,2374.0,"2,370.00","2,406.00","2,368.00",10.09K,0.34%,62364.98
2023-08-21,2366.0,"2,371.00","2,399.00","2,354.00",9.72K,0.13%,62154.82
2023-08-18,2363.0,"2,388.00","2,401.00","2,361.00",10.43K,-1.17%,62076.01
2023-08-17,2391.0,"2,367.00","2,405.00","2,351.00",11.64K,0.55%,62811.57
2023-08-16,2378.0,"2,427.00","2,437.00","2,369.00",14.40K,-2.26%,62470.06
2023-08-15,2433.0,"2,435.00","2,446.00","2,419.00",10.48K,-0.08%,63914.91
2023-08-14,2435.0,"2,512.00","2,538.00","2,434.00",15.45K,-3.26%,63967.45
2023-08-11,2517.0,"2,526.00","2,537.00","2,501.00",11.66K,-0.67%,66121.59
2023-08-10,2534.0,"2,540.00","2,576.00","2,532.00",11.38K,-0.35%,66568.18
2023-08-09,2543.0,"2,564.00","2,570.00","2,529.00",9.53K,-0.63%,66804.61
2023-08-08,2559.0,"2,553.00","2,562.00","2,532.00",9.45K,0.20%,67224.93
2023-08-07,2554.0,"2,490.00","2,556.00","2,485.00",13.30K,2.65%,67093.58
2023-08-04,2488.0,"2,512.00","2,534.00","2,482.00",11.34K,-1.11%,65359.76
2023-08-03,2516.0,"2,531.00","2,546.00","2,510.00",13.53K,-0.63%,66095.32
2023-08-02,2532.0,"2,495.00","2,539.00","2,488.00",9.00K,1.52%,66515.64
2023-08-01,2494.0,"2,480.00","2,517.00","2,467.00",6.56K,0.73%,65517.38
2023-07-31,2476.0,"2,441.00","2,491.00","2,422.00",6.51K,1.60%,65044.52
2023-07-28,2437.0,"2,502.00","2,521.00","2,424.00",5.95K,-2.48%,64019.99
2023-07-27,2499.0,"2,482.00","2,528.00","2,458.00",7.00K,0.77%,65648.73
2023-07-26,2480.0,"2,463.00","2,493.00","2,444.00",4.30K,-5.63%,65149.6
2023-07-25,2628.0,"2,656.00","2,656.00","2,617.00",5.28K,-0.79%,69037.56
2023-07-24,2649.0,"2,594.00","2,659.00","2,575.00",6.75K,1.81%,69589.23
2023-07-21,2602.0,"2,541.00","2,607.00","2,516.00",8.03K,2.60%,68354.54
2023-07-20,2536.0,"2,604.00","2,628.00","2,531.00",8.82K,-2.61%,66620.72
2023-07-19,2604.0,"2,533.00","2,610.00","2,533.00",8.50K,2.84%,68407.08
2023-07-18,2532.0,"2,550.00","2,563.00","2,517.00",5.87K,-0.78%,66515.64
2023-07-17,2552.0,"2,535.00","2,586.00","2,535.00",7.96K,0.47%,67041.04
2023-07-14,2540.0,"2,527.00","2,549.00","2,518.00",5.48K,0.59%,66725.8
2023-07-13,2525.0,"2,550.00","2,557.00","2,522.00",7.46K,-0.36%,66331.75
2023-07-12,2534.0,"2,563.00","2,594.00","2,525.00",9.01K,-1.40%,66568.18
2023-07-11,2570.0,"2,578.00","2,616.00","2,549.00",6.90K,-0.23%,67513.9
2023-07-10,2576.0,"2,620.00","2,620.00","2,539.00",9.95K,-1.72%,67671.52
2023-07-07,2621.0,"2,516.00","2,643.00","2,505.00",12.41K,4.42%,68853.67
2023-07-06,2510.0,"2,510.00","2,540.00","2,499.00",7.31K,-0.08%,65937.7
2023-07-05,2512.0,"2,537.00","2,556.00","2,504.00",6.03K,-0.59%,65990.24
2023-07-04,2527.0,"2,550.00","2,550.00","2,511.00",2.64K,-0.43%,66384.29
2023-07-03,2538.0,"2,500.00","2,565.00","2,490.00",10.96K,1.89%,66673.26
2023-06-30,2491.0,"2,584.00","2,590.00","2,478.00",13.93K,-3.07%,65438.57
2023-06-29,2570.0,"2,621.00","2,652.00","2,549.00",15.01K,-1.76%,67513.9
2023-06-28,2616.0,"2,715.00","2,729.00","2,610.00",13.61K,-3.65%,68722.32
2023-06-27,2715.0,"2,715.00","2,760.00","2,692.00",10.13K,0.18%,71323.05
2023-06-26,2710.0,"2,692.00","2,730.00","2,670.00",17.38K,1.27%,71191.7
2023-06-23,2676.0,"2,750.00","2,754.00","2,665.00",13.67K,-2.66%,70298.52
2023-06-22,2749.0,"2,720.00","2,754.00","2,695.00",13.30K,0.84%,72216.23
2023-06-21,2726.0,"2,774.00","2,780.00","2,683.00",16.45K,-1.59%,71612.02
2023-06-20,2770.0,"2,776.00","2,792.00","2,742.00",13.70K,-0.47%,72767.9
2023-06-19,2783.0,"2,754.00","2,790.00","2,740.00",4.00K,1.31%,73109.41
2023-06-16,2747.0,"2,770.00","2,797.00","2,737.00",8.58K,-0.36%,72163.69
2023-06-15,2757.0,"2,687.00","2,770.00","2,687.00",14.19K,2.34%,72426.39
2023-06-14,2694.0,"2,689.00","2,709.00","2,673.00",7.41K,0.19%,70771.38
2023-06-13,2689.0,"2,681.00","2,704.00","2,671.00",8.92K,0.30%,70640.03
2023-06-12,2681.0,"2,693.00","2,742.00","2,674.00",11.99K,-0.78%,70429.87
2023-06-09,2702.0,"2,730.00","2,790.00","2,653.00",15.83K,-0.88%,70981.54
2023-06-08,2726.0,"2,640.00","2,734.00","2,636.00",15.51K,3.41%,71612.02
2023-06-07,2636.0,"2,587.00","2,641.00","2,587.00",13.78K,2.05%,69247.72
2023-06-06,2583.0,"2,580.00","2,602.00","2,559.00",13.98K,0.35%,67855.41
2023-06-05,2574.0,"2,543.00","2,577.00","2,520.00",8.05K,1.26%,67618.98
2023-06-02,2542.0,"2,571.00","2,584.00","2,535.00",9.09K,-0.97%,66778.34
2023-06-01,2567.0,"2,525.00","2,580.00","2,525.00",8.43K,1.87%,67435.09
2023-05-31,2520.0,"2,515.00","2,527.00","2,502.00",9.16K,0.00%,66200.4
2023-05-30,2520.0,"2,528.00","2,549.00","2,513.00",6.15K,-0.32%,66200.4
2023-05-26,2528.0,"2,513.00","2,546.00","2,513.00",4.78K,0.80%,66410.56
2023-05-25,2508.0,"2,526.00","2,539.00","2,504.00",4.11K,-2.53%,65885.16
2023-05-24,2573.0,"2,555.00","2,580.00","2,546.00",5.28K,0.63%,67592.71
2023-05-23,2557.0,"2,631.00","2,675.00","2,546.00",9.88K,-2.74%,67172.39
2023-05-22,2629.0,"2,587.00","2,641.00","2,566.00",8.21K,1.58%,69063.83
2023-05-19,2588.0,"2,543.00","2,607.00","2,538.00",8.27K,1.89%,67986.76
2023-05-18,2540.0,"2,570.00","2,588.00","2,526.00",8.90K,-1.63%,66725.8
2023-05-17,2582.0,"2,510.00","2,588.00","2,504.00",11.05K,2.83%,67829.14
2023-05-16,2511.0,"2,508.00","2,534.00","2,470.00",7.73K,0.92%,65963.97
2023-05-15,2488.0,"2,426.00","2,506.00","2,420.00",6.68K,2.30%,65359.76
2023-05-12,2432.0,"2,399.00","2,449.00","2,385.00",11.79K,1.63%,63888.64
2023-05-11,2393.0,"2,480.00","2,500.00","2,386.00",10.99K,-3.55%,62864.11
2023-05-10,2481.0,"2,470.00","2,487.00","2,456.00",4.20K,0.65%,65175.87
2023-05-09,2465.0,"2,452.00","2,484.00","2,446.00",6.64K,-0.24%,64755.55
2023-05-05,2471.0,"2,411.00","2,474.00","2,411.00",6.91K,2.45%,64913.17
2023-05-04,2412.0,"2,425.00","2,438.00","2,405.00",4.60K,-0.50%,63363.24
2023-05-03,2424.0,"2,421.00","2,455.00","2,404.00",6.20K,0.00%,63678.48
2023-05-02,2424.0,"2,406.00","2,430.00","2,391.00",8.50K,0.62%,63678.48
2023-04-28,2409.0,"2,417.00","2,420.00","2,384.00",6.62K,0.17%,63284.43
2023-04-27,2405.0,"2,407.00","2,419.00","2,377.00",7.42K,-0.33%,63179.35
2023-04-26,2413.0,"2,424.00","2,489.00","2,406.00",9.33K,-0.25%,63389.51
2023-04-25,2419.0,"2,442.00","2,442.00","2,396.00",8.63K,-1.02%,63547.13
2023-04-24,2444.0,"2,385.00","2,485.00","2,385.00",14.44K,2.60%,64203.88
2023-04-21,2382.0,"2,361.00","2,384.00","2,358.00",6.92K,0.34%,62575.14
2023-04-20,2374.0,"2,378.00","2,392.00","2,360.00",8.22K,-0.50%,62364.98
2023-04-19,2386.0,"2,374.00","2,395.00","2,361.00",13.15K,0.29%,62680.22
2023-04-18,2379.0,"2,375.00","2,393.00","2,333.00",14.17K,0.38%,62496.33
2023-04-17,2370.0,"2,353.00","2,373.00","2,331.00",9.67K,1.11%,62259.9
2023-04-14,2344.0,"2,387.00","2,392.00","2,324.00",9.22K,-1.60%,61576.88
2023-04-13,2382.0,"2,330.00","2,401.00","2,329.00",14.28K,2.14%,62575.14
2023-04-12,2332.0,"2,315.00","2,335.00","2,296.00",8.99K,0.39%,61261.64
2023-04-11,2323.0,"2,256.00","2,326.00","2,250.00",18.74K,2.97%,61025.21
2023-04-06,2256.0,"2,260.00","2,277.00","2,241.00",10.32K,-0.79%,59265.12
2023-04-05,2274.0,"2,214.00","2,278.00","2,214.00",10.07K,2.48%,59737.98
2023-04-04,2219.0,"2,200.00","2,221.00","2,188.00",7.19K,1.09%,58293.13
2023-04-03,2195.0,"2,175.00","2,198.00","2,175.00",6.36K,1.01%,57662.65
2023-03-31,2173.0,"2,169.00","2,198.00","2,154.00",9.48K,0.09%,57084.71
2023-03-30,2171.0,"2,139.00","2,174.00","2,139.00",6.13K,1.78%,57032.17
2023-03-29,2133.0,"2,145.00","2,156.00","2,123.00",4.94K,-0.42%,56033.91
2023-03-28,2142.0,"2,166.00","2,192.00","2,136.00",7.28K,-3.25%,56270.34
2023-03-27,2214.0,"2,189.00","2,238.00","2,175.00",14.90K,1.14%,58161.78
2023-03-24,2189.0,"2,130.00","2,195.00","2,121.00",9.99K,3.06%,57505.03
2023-03-23,2124.0,"2,119.00","2,133.00","2,102.00",6.15K,0.57%,55797.48
2023-03-22,2112.0,"2,126.00","2,145.00","2,105.00",5.75K,-0.85%,55482.24
2023-03-21,2130.0,"2,099.00","2,141.00","2,093.00",10.10K,2.06%,55955.1
2023-03-20,2087.0,"2,052.00","2,094.00","2,023.00",12.85K,1.11%,54825.49
2023-03-17,2064.0,"2,102.00","2,109.00","2,060.00",8.07K,-1.90%,54221.28
2023-03-16,2104.0,"2,070.00","2,114.00","2,057.00",9.66K,1.69%,55272.08
2023-03-15,2069.0,"2,085.00","2,085.00","2,051.00",11.42K,-0.53%,54352.63
2023-03-14,2080.0,"2,105.00","2,112.00","2,077.00",8.39K,-1.56%,54641.6
2023-03-13,2113.0,"2,140.00","2,148.00","2,105.00",9.00K,-1.26%,55508.51
2023-03-10,2140.0,"2,165.00","2,172.00","2,136.00",6.55K,-1.29%,56217.8
2023-03-09,2168.0,"2,159.00","2,188.00","2,156.00",6.72K,0.42%,56953.36
2023-03-08,2159.0,"2,152.00","2,161.00","2,138.00",5.99K,0.33%,56716.93
2023-03-07,2152.0,"2,159.00","2,162.00","2,125.00",8.81K,-0.05%,56533.04
2023-03-06,2153.0,"2,160.00","2,171.00","2,135.00",7.55K,-0.42%,56559.31
2023-03-03,2162.0,"2,176.00","2,186.00","2,151.00",6.60K,-0.83%,56795.74
2023-03-02,2180.0,"2,176.00","2,191.00","2,165.00",6.73K,0.14%,57268.6
2023-03-01,2177.0,"2,135.00","2,190.00","2,119.00",11.96K,1.73%,57189.79
