,Date,Close,High,Low,Open,Volume,Gia_vnd
0,2023-03-15,178.0500030517578,177.25,177.25,177.25,2,103212.20722051327
1,2023-03-16,185.5,185.5,185.5,185.5,0,107530.82904379198
2,2023-03-17,183.0,182.25,181.64999389648438,181.64999389648438,66,106081.626496032
3,2023-03-20,184.89999389648438,184.89999389648438,184.89999389648438,184.89999389648438,1,107183.01689423743
4,2023-03-21,186.6999969482422,186.6999969482422,186.6999969482422,186.6999969482422,13969,108226.44449767072
5,2023-03-22,178.0,181.10000610351562,176.6999969482422,179.5500030517578,13546,103183.22140051199
6,2023-03-23,174.3000030517578,179.39999389648438,173.89999389648438,178.75,14587,101038.40339887327
7,2023-03-24,179.25,179.85000610351562,172.60000610351562,174.8000030517578,18107,103907.82267439198
8,2023-03-27,176.89999389648438,184.0,175.9499969482422,178.5,23743,102545.56874140543
9,2023-03-28,173.75,178.6999969482422,173.5,177.5,19185,100719.57706931999
10,2023-03-29,169.6999969482422,175.25,168.60000610351562,174.6999969482422,25133,98371.8671729027
11,2023-03-30,169.8000030517578,172.5,168.14999389648438,171.0,27283,98429.83881290526
12,2023-03-31,170.5,171.6999969482422,166.14999389648438,170.0,32077,98835.61375723199
13,2023-04-03,176.25,178.35000610351562,171.25,171.3000030517578,25785,102168.77961707998
14,2023-04-04,174.85000610351562,177.4499969482422,173.10000610351562,176.10000610351562,17847,101357.22972842654
15,2023-04-05,180.14999389648438,181.5,175.1999969482422,175.1999969482422,23598,104429.53205349343
16,2023-04-06,183.60000610351562,184.5500030517578,177.9499969482422,179.5500030517578,0,106429.43864558655
17,2023-04-10,182.60000610351562,186.8000030517578,181.60000610351562,183.60000610351562,22686,105849.75762648255
18,2023-04-11,190.5,191.1999969482422,183.0,183.4499969482422,33560,110429.23413931197
19,2023-04-12,190.25,191.35000610351562,187.60000610351562,188.89999389648438,27163,110284.31388453598
20,2023-04-13,196.10000610351562,199.6999969482422,189.35000610351562,190.0,35204,113675.45138438654
21,2023-04-14,193.39999389648438,199.64999389648438,192.85000610351562,195.64999389648438,11459,112110.30555662143
22,2023-04-17,201.0,201.5,193.5,194.0,9534,116515.88483990396
23,2023-04-18,205.25,206.9499969482422,198.35000610351562,201.0,9424,118979.52917109599
24,2023-04-19,202.5500030517578,207.4499969482422,199.75,203.5,6866,117414.39218856127
25,2023-04-20,195.89999389648438,199.64999389648438,194.75,199.1999969482422,230,113559.50810438144
26,2023-04-21,194.1999969482422,197.14999389648438,193.5,197.14999389648438,81,112574.05214095069
27,2023-04-24,196.75,196.85000610351562,195.0,196.35000610351562,10,114052.24050871198
28,2023-04-25,192.4499969482422,192.25,191.0,191.0,13,111559.6103575187
29,2023-04-26,195.85000610351562,195.85000610351562,194.14999389648438,194.14999389648438,12,113530.53112961054
30,2023-04-27,192.10000610351562,192.8000030517578,192.10000610351562,192.8000030517578,16,111356.72730797053
31,2023-04-28,189.85000610351562,190.35000610351562,189.10000610351562,189.5,40,110052.44501498653
32,2023-05-01,189.25,188.25,187.10000610351562,188.25,13,109704.63286543198
33,2023-05-02,190.64999389648438,188.75,187.89999389648438,188.10000610351562,22,110516.18275408543
34,2023-05-03,189.1999969482422,188.10000610351562,185.85000610351562,188.10000610351562,138,109675.6470454307
35,2023-05-04,186.39999389648438,188.0,184.5,188.0,137,108052.53842289343
36,2023-05-05,191.0,191.0,191.0,191.0,1,110719.07464886397
37,2023-05-08,186.89999389648438,186.89999389648438,186.89999389648438,186.89999389648438,1,108342.37893244543
38,2023-05-09,188.0,189.3000030517578,184.5500030517578,187.6999969482422,17,108980.03159155196
39,2023-05-10,187.4499969482422,189.3000030517578,189.3000030517578,189.3000030517578,1,108661.20526199871
40,2023-05-11,185.8000030517578,186.10000610351562,185.5,186.0,10,107704.73511856927
41,2023-05-12,186.0,186.75,185.0,185.0,34,107820.66955334398
42,2023-05-15,193.0500030517578,192.4499969482422,192.4499969482422,192.4499969482422,7,111907.42250707326
43,2023-05-16,190.35000610351562,196.5500030517578,196.0,196.0,5,110342.28552453854
44,2023-05-17,189.85000610351562,189.5,189.5,189.5,3,110052.44501498653
45,2023-05-18,190.4499969482422,190.4499969482422,190.4499969482422,190.4499969482422,12733,110400.2483193107
46,2023-05-19,192.0,194.39999389648438,186.1999969482422,186.1999969482422,23734,111298.75566796798
47,2023-05-22,189.1999969482422,193.75,186.5500030517578,191.0,22894,109675.6470454307
48,2023-05-23,187.4499969482422,190.3000030517578,185.6999969482422,189.25,16809,108661.20526199871
49,2023-05-24,188.0,189.39999389648438,186.60000610351562,188.0500030517578,13608,108980.03159155196
50,2023-05-25,182.6999969482422,188.39999389648438,181.64999389648438,188.1999969482422,24475,105907.72042125471
51,2023-05-26,181.60000610351562,184.8000030517578,180.3000030517578,182.8000030517578,20079,105270.07660737855
52,2023-05-30,177.10000610351562,181.75,175.89999389648438,180.0500030517578,27463,102661.51202141054
53,2023-05-31,178.64999389648438,179.8000030517578,175.5500030517578,177.14999389648438,24936,103560.01052483743
54,2023-06-01,183.0500030517578,184.6999969482422,179.5,179.64999389648438,22533,106110.61231603325
55,2023-06-02,180.3000030517578,187.8000030517578,179.0500030517578,183.3000030517578,27027,104516.48951349726
56,2023-06-05,183.10000610351562,183.6999969482422,179.35000610351562,179.9499969482422,18231,106139.59813603455
57,2023-06-06,182.60000610351562,184.89999389648438,181.5500030517578,183.10000610351562,19024,105849.75762648255
58,2023-06-07,185.39999389648438,186.60000610351562,182.64999389648438,183.60000610351562,28687,107472.85740378943
59,2023-06-08,194.85000610351562,196.14999389648438,184.60000610351562,186.1999969482422,34152,112950.85011050652
60,2023-06-09,190.64999389648438,196.60000610351562,188.8000030517578,196.60000610351562,38480,110516.18275408543
61,2023-06-12,185.5500030517578,192.39999389648438,185.0500030517578,190.25,18584,107559.81486379326
62,2023-06-13,182.75,186.75,181.89999389648438,185.6999969482422,12746,105936.70624125599
63,2023-06-14,184.39999389648438,184.75,181.25,182.5500030517578,7870,106893.17638468543
64,2023-06-15,187.0,188.0500030517578,184.6999969482422,184.75,9257,108400.35057244799
65,2023-06-16,184.89999389648438,188.3000030517578,184.3000030517578,187.6999969482422,8150,107183.01689423743
66,2023-06-20,177.4499969482422,185.75,176.39999389648438,185.10000610351562,11003,102864.39507095871
67,2023-06-21,172.0,178.9499969482422,168.9499969482422,178.89999389648438,2928,99705.13528588798
68,2023-06-22,171.6999969482422,173.9499969482422,169.60000610351562,173.6999969482422,66,99531.22921111071
69,2023-06-23,168.0500030517578,168.89999389648438,166.5,167.89999389648438,112,97415.39702947326
70,2023-06-26,167.9499969482422,169.14999389648438,166.5,168.0,16,97357.42538947072
71,2023-06-27,169.4499969482422,169.35000610351562,165.5500030517578,168.35000610351562,16,98226.9469181267
72,2023-06-28,165.64999389648438,170.8000030517578,165.0,170.4499969482422,45,96024.15727648544
73,2023-06-29,163.60000610351562,165.5500030517578,162.10000610351562,165.0,10,94835.81826350655
74,2023-06-30,161.0,165.89999389648438,165.75,165.89999389648438,4,93328.644075744
75,2023-07-03,162.5,165.1999969482422,165.1999969482422,165.1999969482422,1,94198.16560439998
76,2023-07-05,161.0500030517578,162.25,162.25,162.25,10,93357.62989574525
77,2023-07-06,162.35000610351562,165.3000030517578,159.25,159.9499969482422,49,94111.21698962654
78,2023-07-07,162.8000030517578,165.0,165.0,165.0,1,94372.07167917726
79,2023-07-10,161.75,163.64999389648438,163.5500030517578,163.5500030517578,2,93763.40484007199
80,2023-07-11,159.3000030517578,159.5,158.0,159.14999389648438,49,92343.18811231326
81,2023-07-12,158.75,158.75,158.75,158.75,0,92024.36178275998
82,2023-07-13,159.35000610351562,160.6999969482422,160.6999969482422,160.6999969482422,1,92372.17393231454
83,2023-07-14,161.9499969482422,162.4499969482422,161.75,162.4499969482422,82,93879.3392748467
84,2023-07-17,154.75,158.0500030517578,155.5,158.0500030517578,2,89705.637706344
85,2023-07-18,155.25,155.25,155.25,155.25,0,89995.47821589599
86,2023-07-19,152.4499969482422,152.39999389648438,152.3000030517578,152.35000610351562,16087,88372.36959335872
87,2023-07-20,158.0500030517578,160.0,155.25,155.5,19005,91618.58683843326
88,2023-07-21,161.85000610351562,162.10000610351562,156.5,158.5500030517578,18695,93821.37648007456
89,2023-07-24,163.0,165.4499969482422,161.0500030517578,161.14999389648438,20332,94488.00611395198
90,2023-07-25,161.85000610351562,163.85000610351562,161.3000030517578,162.39999389648438,15908,93821.37648007456
91,2023-07-26,163.14999389648438,163.85000610351562,159.25,161.3000030517578,15696,94574.95472872542
92,2023-07-27,161.4499969482422,164.89999389648438,160.0500030517578,164.39999389648438,16873,93589.4987652947
93,2023-07-28,157.89999389648438,161.89999389648438,157.35000610351562,161.3000030517578,14783,91531.62937842942
94,2023-07-31,164.64999389648438,166.0,157.89999389648438,157.89999389648438,23117,95444.47625738142
95,2023-08-01,164.5500030517578,167.39999389648438,162.0500030517578,165.10000610351562,20153,95386.51346260928
96,2023-08-02,166.9499969482422,167.9499969482422,162.75,164.5500030517578,22311,96777.74437036671
97,2023-08-03,164.75,168.3000030517578,164.0,166.35000610351562,17790,95502.44789738399
98,2023-08-04,161.35000610351562,165.0,161.0,164.0,20244,93531.53597052254
99,2023-08-07,163.9499969482422,164.89999389648438,160.0500030517578,161.14999389648438,27408,95038.70131305471
100,2023-08-08,161.35000610351562,162.89999389648438,159.5500030517578,162.14999389648438,25992,93531.53597052254
101,2023-08-09,160.75,162.39999389648438,160.0,161.85000610351562,26488,93183.72382096798
102,2023-08-10,159.89999389648438,163.60000610351562,159.1999969482422,160.5500030517578,28310,92690.99141663742
103,2023-08-11,157.8000030517578,159.4499969482422,156.0,159.0500030517578,27615,91473.66658365726
104,2023-08-14,151.10000610351562,158.3000030517578,150.6999969482422,157.5,21142,87589.80552470653
105,2023-08-15,149.25,151.3000030517578,148.0,150.85000610351562,11857,86517.39210127198
106,2023-08-16,148.89999389648438,150.75,147.75,149.75,8371,86314.50020649344
107,2023-08-17,147.0,150.0500030517578,145.8000030517578,148.9499969482422,4999,85213.10980828798
108,2023-08-18,147.4499969482422,149.39999389648438,145.0500030517578,146.9499969482422,4867,85473.96449783871
109,2023-08-21,147.5500030517578,151.8000030517578,147.14999389648438,147.60000610351562,6154,85531.93613784126
110,2023-08-22,146.60000610351562,150.39999389648438,146.10000610351562,147.89999389648438,4495,84981.24093873854
111,2023-08-23,152.9499969482422,152.85000610351562,148.10000610351562,148.64999389648438,1085,88662.2101029107
112,2023-08-24,153.0,154.25,151.39999389648438,153.8000030517578,52,88691.195922912
113,2023-08-25,151.75,154.0,154.0,154.0,3,87966.59464903199
114,2023-08-28,151.8000030517578,153.25,152.5,152.9499969482422,8,87995.58046903326
115,2023-08-29,151.35000610351562,153.0500030517578,149.85000610351562,152.35000610351562,41,87734.72577948256
116,2023-08-30,153.35000610351562,153.6999969482422,150.0,150.0,21,88894.08781769054
117,2023-08-31,152.6999969482422,153.64999389648438,153.0,153.64999389648438,57,88517.28984813471
118,2023-09-01,150.9499969482422,151.5,151.10000610351562,151.5,10,87502.8480647027
119,2023-09-05,151.39999389648438,152.5,147.9499969482422,147.9499969482422,28,87763.70275425343
120,2023-09-06,151.75,151.75,151.75,151.75,0,87966.59464903199
121,2023-09-07,147.39999389648438,147.39999389648438,147.39999389648438,147.39999389648438,20,85444.97867783743
122,2023-09-08,146.25,146.25,146.25,146.25,0,84778.34904395998
123,2023-09-11,151.5500030517578,151.5500030517578,151.5500030517578,151.5500030517578,20,87850.66021425727
124,2023-09-12,150.6999969482422,151.5500030517578,148.35000610351562,151.5500030517578,6,87357.92780992671
125,2023-09-13,151.0500030517578,151.5500030517578,151.5500030517578,151.5500030517578,60,87560.81970470527
126,2023-09-14,153.10000610351562,153.10000610351562,153.10000610351562,153.10000610351562,23,88749.16756291455
127,2023-09-15,158.25,158.25,158.25,158.25,0,91734.52127320798
128,2023-09-18,158.6999969482422,158.6999969482422,158.6999969482422,158.6999969482422,0,91995.37596275871
129,2023-09-19,167.5,173.5,162.5,162.5,28898,97096.57069991999
130,2023-09-20,158.1999969482422,161.64999389648438,157.64999389648438,160.39999389648438,17552,91705.53545320671
131,2023-09-21,154.85000610351562,158.75,154.5,158.0,17108,89763.60934634654
132,2023-09-22,151.14999389648438,155.6999969482422,150.0500030517578,154.75,19795,87618.78249947743
133,2023-09-25,148.8000030517578,152.10000610351562,148.14999389648438,150.3000030517578,20313,86256.53741172128
134,2023-09-26,150.85000610351562,152.14999389648438,148.4499969482422,148.8000030517578,19691,87444.88526993054
135,2023-09-27,149.25,150.5,147.5500030517578,150.4499969482422,20447,86517.39210127198
136,2023-09-28,147.1999969482422,150.25,146.4499969482422,148.9499969482422,20343,85329.04424306272
137,2023-09-29,146.14999389648438,147.5,144.9499969482422,147.0,21782,84720.37740395742
138,2023-10-02,149.10000610351562,151.39999389648438,145.8000030517578,146.0,23829,86430.44348649854
139,2023-10-03,148.75,149.89999389648438,147.25,149.14999389648438,13623,86227.55159171998
140,2023-10-04,146.35000610351562,148.9499969482422,145.89999389648438,147.89999389648438,15834,84836.32068396255
141,2023-10-05,145.39999389648438,147.5,145.0,146.0500030517578,13753,84285.61663962943
142,2023-10-06,146.0500030517578,146.8000030517578,144.4499969482422,145.39999389648438,16599,84662.41460918527
143,2023-10-09,146.0500030517578,147.89999389648438,144.8000030517578,146.0500030517578,15684,84662.41460918527
144,2023-10-10,147.5,148.39999389648438,143.6999969482422,145.6999969482422,26185,85502.95031783999
145,2023-10-11,147.6999969482422,149.39999389648438,146.10000610351562,147.64999389648438,16438,85618.88475261471
146,2023-10-12,149.3000030517578,149.89999389648438,147.0500030517578,147.85000610351562,19475,86546.37792127326
147,2023-10-13,154.89999389648438,155.64999389648438,149.1999969482422,149.3000030517578,35239,89792.58632111741
148,2023-10-16,154.14999389648438,156.14999389648438,152.10000610351562,154.89999389648438,24903,89357.82555678942
149,2023-10-17,157.0500030517578,157.9499969482422,152.4499969482422,154.0,26996,91038.90581932926
150,2023-10-18,158.0500030517578,159.5,156.64999389648438,157.14999389648438,25576,91618.58683843326
151,2023-10-19,163.9499969482422,164.39999389648438,158.14999389648438,158.14999389648438,36623,95038.70131305471
152,2023-10-20,165.25,166.8000030517578,162.25,163.39999389648438,37014,95792.28840693599
153,2023-10-23,165.85000610351562,167.0,163.25,163.25,24142,96140.10055649055
154,2023-10-24,168.14999389648438,168.85000610351562,165.0500030517578,165.60000610351562,21855,97473.35982424543
155,2023-10-25,162.3000030517578,169.0500030517578,160.9499969482422,167.75,30189,94082.23116962526
156,2023-10-26,161.1999969482422,163.60000610351562,160.3000030517578,161.5500030517578,17692,93444.57851051871
157,2023-10-27,160.9499969482422,163.25,160.1999969482422,161.1999969482422,13025,93299.6582557427
158,2023-10-30,159.10000610351562,161.14999389648438,158.60000610351562,160.0500030517578,19461,92227.25367753854
159,2023-10-31,167.3000030517578,167.5500030517578,158.8000030517578,159.0500030517578,29746,96980.63626514525
160,2023-11-01,159.8000030517578,167.14999389648438,158.75,166.0,29115,92633.02862186526
161,2023-11-02,165.35000610351562,166.8000030517578,160.0,160.6999969482422,24719,95850.26004693854
162,2023-11-03,170.89999389648438,171.35000610351562,166.10000610351562,166.5,22293,99067.48262678142
163,2023-11-06,173.6999969482422,174.10000610351562,168.4499969482422,170.25,23506,100690.5912493187
164,2023-11-07,170.75,173.64999389648438,169.14999389648438,173.39999389648438,28863,98980.53401200799
165,2023-11-08,174.35000610351562,176.0,170.85000610351562,170.85000610351562,32140,101067.38921887454
166,2023-11-09,178.8000030517578,179.0,175.5,176.10000610351562,26464,103646.96798484126
167,2023-11-10,174.5,178.75,172.9499969482422,178.0,24194,101154.337833648
168,2023-11-13,178.64999389648438,179.4499969482422,171.3000030517578,172.60000610351562,12842,103560.01052483743
169,2023-11-14,176.4499969482422,179.14999389648438,175.85000610351562,178.85000610351562,9700,102284.71405185471
170,2023-11-15,180.8000030517578,181.89999389648438,175.0,177.0,8510,104806.33002304926
171,2023-11-16,176.10000610351562,182.1999969482422,175.6999969482422,181.5,7171,102081.83100230654
172,2023-11-17,170.9499969482422,176.85000610351562,170.4499969482422,175.85000610351562,4411,99096.4684467827
173,2023-11-20,177.89999389648438,179.60000610351562,170.0,171.64999389648438,5213,103125.24976050942
174,2023-11-21,176.5500030517578,177.89999389648438,175.0500030517578,176.64999389648438,344,102342.68569185726
175,2023-11-22,178.64999389648438,179.1999969482422,174.5,176.4499969482422,289,103560.01052483743
176,2023-11-23,178.64999389648438,179.1999969482422,174.5,176.4499969482422,289,103560.01052483743
177,2023-11-24,178.64999389648438,181.0,177.35000610351562,177.35000610351562,137,103560.01052483743
178,2023-11-27,179.6999969482422,182.89999389648438,176.8000030517578,176.8000030517578,45,104168.67736394271
179,2023-11-28,183.64999389648438,183.35000610351562,183.3000030517578,183.35000610351562,10,106458.41562035744
180,2023-11-29,182.10000610351562,184.0,180.5500030517578,184.0,28,105559.91711693055
181,2023-11-30,195.0,195.6999969482422,182.35000610351562,182.35000610351562,16,113037.79872528
182,2023-12-01,193.89999389648438,193.89999389648438,193.89999389648438,193.89999389648438,44,112400.14606617343
183,2023-12-04,188.89999389648438,189.5500030517578,186.85000610351562,189.5500030517578,24,109501.74097065341
184,2023-12-05,193.85000610351562,190.3000030517578,188.5,188.5,41,112371.16909140252
185,2023-12-06,185.25,192.4499969482422,185.85000610351562,192.4499969482422,10,107385.90878901599
186,2023-12-07,185.5,190.60000610351562,187.35000610351562,189.1999969482422,5,107530.82904379198
187,2023-12-08,185.14999389648438,187.25,187.25,187.25,2,107327.93714901342
188,2023-12-11,194.0,193.75,193.75,193.75,2,112458.11770617598
189,2023-12-12,191.14999389648438,191.3000030517578,188.1999969482422,188.1999969482422,32,110806.02326363741
190,2023-12-13,194.64999389648438,197.4499969482422,197.25,197.25,5,112834.90683050142
191,2023-12-14,200.10000610351562,202.75,197.39999389648438,197.39999389648438,3,115994.17546080254
192,2023-12-15,201.8000030517578,202.85000610351562,201.3000030517578,202.25,47,116979.63142423326
193,2023-12-18,209.5500030517578,209.5500030517578,209.5500030517578,209.5500030517578,14936,121472.15932228927
194,2023-12-19,202.39999389648438,203.89999389648438,191.3000030517578,193.1999969482422,24391,117327.43472855742
195,2023-12-20,190.60000610351562,202.3000030517578,189.60000610351562,200.85000610351562,26871,110487.20577931452
196,2023-12-21,193.60000610351562,197.39999389648438,188.5500030517578,190.0,22625,112226.24883662653
197,2023-12-22,192.8000030517578,194.25,189.1999969482422,192.1999969482422,12282,111762.50225229727
198,2023-12-26,194.35000610351562,195.39999389648438,191.9499969482422,192.8000030517578,6725,112661.00960095455
199,2023-12-27,197.75,199.9499969482422,194.0500030517578,194.89999389648438,16051,114631.92152781598
200,2023-12-28,198.0,201.35000610351562,195.14999389648438,196.75,12012,114776.84178259198
201,2023-12-29,188.3000030517578,198.14999389648438,185.64999389648438,197.1999969482422,18775,109153.93766632925
202,2024-01-02,190.14999389648438,192.5500030517578,188.64999389648438,188.64999389648438,15062,110226.34224453343
203,2024-01-03,186.25,191.0500030517578,184.8000030517578,190.75,14584,107965.58980812
204,2024-01-04,185.5500030517578,187.60000610351562,185.0500030517578,186.85000610351562,11156,107559.81486379326
205,2024-01-05,182.8000030517578,187.5500030517578,182.0500030517578,185.85000610351562,17958,105965.69206125726
206,2024-01-08,181.39999389648438,183.6999969482422,179.5,181.6999969482422,20570,105154.13332737342
207,2024-01-09,184.10000610351562,186.75,182.75,183.9499969482422,15659,106719.27915513853
208,2024-01-10,181.14999389648438,184.8000030517578,180.39999389648438,184.3000030517578,20459,105009.21307259744
209,2024-01-11,184.0500030517578,187.9499969482422,180.9499969482422,182.25,25947,106690.29333513725
210,2024-01-12,180.0,186.85000610351562,179.0,183.5,22098,104342.58343871999
211,2024-01-16,185.25,187.10000610351562,181.5500030517578,182.0,19773,107385.90878901599
212,2024-01-17,179.1999969482422,185.14999389648438,178.35000610351562,184.89999389648438,21947,103878.8368543907
213,2024-01-18,179.9499969482422,182.35000610351562,175.5500030517578,180.5,21872,104313.5976187187
214,2024-01-19,185.14999389648438,186.14999389648438,181.64999389648438,182.0,16740,107327.93714901342
215,2024-01-22,192.25,193.14999389648438,183.5,184.4499969482422,24808,111443.67592274399
216,2024-01-23,192.9499969482422,194.5,188.60000610351562,192.25,22035,111849.4508670707
217,2024-01-24,189.4499969482422,195.75,188.10000610351562,193.8000030517578,24251,109820.56730020669
218,2024-01-25,186.9499969482422,190.5,184.35000610351562,189.9499969482422,22135,108371.36475244671
219,2024-01-26,193.85000610351562,194.8000030517578,186.0,187.1999969482422,20939,112371.16909140252
220,2024-01-29,189.25,194.35000610351562,188.64999389648438,192.85000610351562,18399,109704.63286543198
221,2024-01-30,194.0,197.4499969482422,189.0500030517578,190.10000610351562,24467,112458.11770617598
222,2024-01-31,194.0500030517578,195.5500030517578,192.0500030517578,194.0,19761,112487.10352617726
223,2024-02-01,194.1999969482422,195.3000030517578,191.14999389648438,193.39999389648438,25789,112574.05214095069
224,2024-02-02,191.9499969482422,195.0500030517578,190.5,194.1999969482422,21292,111269.7698479667
225,2024-02-05,189.5,192.3000030517578,188.5,190.75,19509,109849.55312020799
226,2024-02-06,188.1999969482422,189.1999969482422,186.0,188.85000610351562,24114,109095.9660263267
227,2024-02-07,190.6999969482422,191.8000030517578,188.6999969482422,189.39999389648438,36785,110545.16857408671
228,2024-02-08,188.8000030517578,190.5,188.35000610351562,190.4499969482422,38553,109443.77817588126
229,2024-02-09,196.3000030517578,197.0,190.0500030517578,190.25,36014,113791.38581916125
230,2024-02-12,195.60000610351562,198.64999389648438,192.0500030517578,195.35000610351562,14808,113385.61087483454
231,2024-02-13,193.0,197.10000610351562,191.64999389648438,195.0500030517578,10712,111878.43668707198
232,2024-02-14,187.0500030517578,192.0,186.64999389648438,192.0,10601,108429.33639244926
233,2024-02-15,189.3000030517578,190.60000610351562,187.1999969482422,188.8000030517578,8205,109733.61868543326
234,2024-02-16,190.85000610351562,191.75,188.14999389648438,191.0,10449,110632.12603409054
235,2024-02-20,191.60000610351562,197.9499969482422,189.60000610351562,192.39999389648438,10718,111066.88679841853
236,2024-02-21,198.35000610351562,198.9499969482422,195.35000610351562,197.60000610351562,402,114979.73367737055
237,2024-02-22,193.85000610351562,198.0,193.5,197.4499969482422,143,112371.16909140252
238,2024-02-23,191.0,193.89999389648438,190.6999969482422,193.89999389648438,144,110719.07464886397
239,2024-02-26,190.10000610351562,191.85000610351562,190.0,190.8000030517578,49,110197.36526976255
240,2024-02-27,194.0500030517578,192.5500030517578,188.5500030517578,191.10000610351562,90,112487.10352617726
241,2024-02-28,193.35000610351562,193.39999389648438,192.0500030517578,192.8000030517578,100,112081.32858185055
242,2024-02-29,195.85000610351562,195.85000610351562,195.85000610351562,195.85000610351562,2,113530.53112961054
243,2024-03-01,193.8000030517578,193.5500030517578,192.0,193.5500030517578,23,112342.18327140127
244,2024-03-04,197.39999389648438,199.39999389648438,199.1999969482422,199.1999969482422,15,114429.02963303743
245,2024-03-05,195.0,198.75,195.8000030517578,198.75,29,113037.79872528
246,2024-03-06,194.4499969482422,194.89999389648438,190.0,194.8000030517578,43,112718.97239572671
247,2024-03-07,198.35000610351562,198.35000610351562,198.35000610351562,198.35000610351562,12,114979.73367737055
248,2024-03-08,191.39999389648438,195.85000610351562,191.0,195.85000610351562,3,110950.94351841342
249,2024-03-11,194.35000610351562,194.89999389648438,191.5,193.3000030517578,29,112661.00960095455
250,2024-03-12,195.39999389648438,197.89999389648438,195.35000610351562,196.6999969482422,5,113269.66759482941
251,2024-03-13,191.64999389648438,196.0,192.0,195.6999969482422,38,111095.86377318944
252,2024-03-14,191.35000610351562,191.25,189.0500030517578,190.0,19,110921.96654364254
253,2024-03-15,182.85000610351562,182.85000610351562,182.85000610351562,182.85000610351562,4,105994.67788125854
254,2024-03-18,181.85000610351562,181.85000610351562,181.85000610351562,181.85000610351562,16935,105414.99686215453
255,2024-03-19,183.0500030517578,183.35000610351562,179.35000610351562,181.25,21063,106110.61231603325
256,2024-03-20,182.39999389648438,184.39999389648438,181.64999389648438,182.64999389648438,14722,105733.81434647742
257,2024-03-21,185.6999969482422,188.39999389648438,183.0500030517578,183.85000610351562,23116,107646.76347856672
258,2024-03-22,184.85000610351562,188.1999969482422,184.5500030517578,186.0,21361,107154.03991946654
259,2024-03-25,185.64999389648438,186.25,183.35000610351562,185.14999389648438,18995,107617.77765856542
260,2024-03-26,188.0500030517578,189.4499969482422,185.3000030517578,185.64999389648438,21863,109009.01741155327
261,2024-03-27,190.64999389648438,192.5,187.14999389648438,188.0500030517578,32255,110516.18275408543
262,2024-03-28,188.85000610351562,191.1999969482422,187.5500030517578,191.0500030517578,21237,109472.76399588256
263,2024-04-01,191.8000030517578,192.6999969482422,187.6999969482422,188.0,19146,111182.82123319326
264,2024-04-02,197.75,198.39999389648438,190.75,190.9499969482422,39260,114631.92152781598
265,2024-04-03,203.60000610351562,207.14999389648438,196.3000030517578,196.6999969482422,40344,118023.05902766652
266,2024-04-04,206.75,207.9499969482422,202.5,206.3000030517578,32098,119849.05069975197
267,2024-04-05,212.5,214.0,204.1999969482422,205.10000610351562,45071,123182.21655959998
268,2024-04-08,211.10000610351562,216.39999389648438,209.4499969482422,212.14999389648438,45974,122370.66667094655
269,2024-04-09,213.5500030517578,214.75,209.60000610351562,209.60000610351562,40360,123790.88339870525
270,2024-04-10,214.64999389648438,215.89999389648438,211.5500030517578,213.85000610351562,24655,124428.52721258142
271,2024-04-11,220.35000610351562,221.8000030517578,214.10000610351562,215.3000030517578,26109,127732.71609765851
272,2024-04-12,224.64999389648438,236.1999969482422,219.5,220.9499969482422,31234,130225.33740362142
273,2024-04-15,231.5500030517578,235.4499969482422,219.3000030517578,221.64999389648438,15671,134225.14174257725
274,2024-04-16,236.75,239.5,232.85000610351562,235.75,12609,137239.48127287198
275,2024-04-17,247.9499969482422,249.3000030517578,236.39999389648438,237.39999389648438,8746,143731.9069177907
276,2024-04-18,239.85000610351562,253.6999969482422,239.5,252.10000610351562,5470,139036.49597018654
277,2024-04-19,241.39999389648438,247.75,238.1999969482422,243.64999389648438,5190,139934.99447361342
278,2024-04-22,231.64999389648438,240.9499969482422,229.8000030517578,240.9499969482422,952,134283.10453734943
279,2024-04-23,224.5,226.64999389648438,224.10000610351562,226.64999389648438,130,130138.388788848
280,2024-04-24,228.4499969482422,229.25,226.35000610351562,229.25,68,132428.1270452627
281,2024-04-25,231.9499969482422,231.5,230.85000610351562,230.85000610351562,26,134457.0106121267
282,2024-04-26,230.60000610351562,232.5,232.5,232.5,1,133674.4465434745
283,2024-04-29,233.5500030517578,234.0,234.0,234.0,20,135384.50378078525
284,2024-04-30,220.64999389648438,217.75,215.60000610351562,215.60000610351562,18,127906.61332720541
285,2024-05-01,219.0500030517578,222.39999389648438,215.6999969482422,222.39999389648438,12,126979.12900377726
286,2024-05-02,208.64999389648438,218.0,218.0,218.0,9,120950.44109795742
287,2024-05-03,205.89999389648438,208.9499969482422,207.5,207.75,72,119356.31829542143
288,2024-05-06,200.6999969482422,203.0,199.4499969482422,203.0,7,116341.9787651267
289,2024-05-07,199.0,196.60000610351562,196.60000610351562,196.60000610351562,2,115356.52280169597
290,2024-05-08,200.25,201.64999389648438,200.1999969482422,201.64999389648438,6,116081.12407557596
291,2024-05-09,203.6999969482422,205.39999389648438,202.3000030517578,202.3000030517578,3,118081.02182243868
292,2024-05-10,204.39999389648438,204.39999389648438,204.39999389648438,204.39999389648438,0,118486.79676676542
293,2024-05-13,200.39999389648438,200.0,200.0,200.0,4,116168.07269034944
294,2024-05-14,202.85000610351562,199.25,199.0,199.25,2,117588.29826333853
295,2024-05-15,201.25,202.3000030517578,202.3000030517578,202.3000030517578,1,116660.80509467999
296,2024-05-16,199.5500030517578,199.5500030517578,199.5500030517578,199.5500030517578,4,115675.34913124926
297,2024-05-17,208.14999389648438,208.14999389648438,208.14999389648438,208.14999389648438,8,120660.60058840542
298,2024-05-20,209.3000030517578,209.3000030517578,209.3000030517578,209.3000030517578,19959,121327.23906751325
299,2024-05-21,217.1999969482422,219.10000610351562,206.35000610351562,207.0,29462,125906.7155803427
300,2024-05-22,220.4499969482422,221.14999389648438,216.64999389648438,218.64999389648438,22051,127790.67889243067
301,2024-05-23,215.64999389648438,221.8000030517578,212.0500030517578,221.0,24018,125008.20823168542
302,2024-05-24,218.25,220.1999969482422,213.0500030517578,215.3000030517578,15829,126515.38241944798
303,2024-05-28,230.9499969482422,233.1999969482422,219.25,220.0,29780,133877.3295930227
304,2024-05-29,229.4499969482422,236.25,228.0500030517578,229.0,25747,133007.80806436672
305,2024-05-30,233.0,235.4499969482422,225.5,228.25,20874,135065.67745123198
306,2024-05-31,222.35000610351562,237.75,220.5500030517578,234.10000610351562,29755,128892.07813586653
307,2024-06-03,226.5500030517578,229.3000030517578,220.89999389648438,221.14999389648438,18580,131326.73664705726
308,2024-06-04,233.89999389648438,234.1999969482422,223.5500030517578,226.10000610351562,24657,135587.38683033342
309,2024-06-05,231.9499969482422,233.25,226.35000610351562,230.25,29236,134457.0106121267
310,2024-06-06,234.1999969482422,239.8000030517578,231.8000030517578,232.0,30868,135761.2929051107
311,2024-06-07,224.8000030517578,234.10000610351562,223.60000610351562,233.4499969482422,49022,130312.29486362525
312,2024-06-10,221.39999389648438,226.4499969482422,219.0500030517578,225.0,33334,128341.37409153343
313,2024-06-11,220.5500030517578,224.6999969482422,218.85000610351562,221.60000610351562,30585,127848.65053243325
314,2024-06-12,224.35000610351562,227.35000610351562,215.0,219.35000610351562,33754,130051.44017407454
315,2024-06-13,226.0500030517578,229.3000030517578,224.10000610351562,224.35000610351562,13545,131036.89613750525
316,2024-06-14,224.14999389648438,227.35000610351562,222.9499969482422,225.5,10934,129935.49689406942
317,2024-06-17,227.14999389648438,227.5500030517578,223.0500030517578,225.6999969482422,9364,131674.53995138142
318,2024-06-18,226.3000030517578,228.64999389648438,222.5,227.5,9738,131181.81639228127
319,2024-06-20,230.25,236.89999389648438,228.0,228.8000030517578,389,133471.554648696
320,2024-06-21,226.5500030517578,232.64999389648438,226.5500030517578,229.39999389648438,46,131326.73664705726
321,2024-06-24,238.0,237.39999389648438,231.60000610351562,231.60000610351562,58,137964.08254675198
322,2024-06-25,231.1999969482422,237.1999969482422,231.0,237.14999389648438,19,134022.2498477987
323,2024-06-26,226.35000610351562,232.89999389648438,226.10000610351562,232.8000030517578,18,131210.80221228255
324,2024-06-27,228.25,229.35000610351562,229.35000610351562,229.35000610351562,4,132312.19261048798
325,2024-06-28,228.9499969482422,229.10000610351562,224.5,224.5,11,132717.9675548147
326,2024-07-01,226.6999969482422,226.25,224.35000610351562,226.25,114,131413.6852618307
327,2024-07-02,229.10000610351562,233.0500030517578,230.5,231.14999389648438,12,132804.92501481852
328,2024-07-03,225.9499969482422,228.0500030517578,228.0500030517578,228.0500030517578,1,130978.9244975027
329,2024-07-05,230.3000030517578,230.3000030517578,230.3000030517578,230.3000030517578,0,133500.54046869726
330,2024-07-08,236.1999969482422,236.6999969482422,236.6999969482422,236.6999969482422,1,136920.6549433187
331,2024-07-09,252.0,252.0,252.0,252.0,0,146079.61681420798
332,2024-07-10,245.6999969482422,249.0,248.10000610351562,249.0,4,142427.62462480672
333,2024-07-11,246.75,247.10000610351562,247.10000610351562,247.10000610351562,1,143036.29146391197
334,2024-07-12,250.4499969482422,250.4499969482422,250.4499969482422,250.4499969482422,48,145181.10946555072
335,2024-07-15,244.14999389648438,249.5,248.5,249.3000030517578,3,141529.11727614942
336,2024-07-16,245.39999389648438,245.39999389648438,245.39999389648438,245.39999389648438,0,142253.7185500294
337,2024-07-17,247.35000610351562,247.35000610351562,247.35000610351562,247.35000610351562,2,143384.10361346652
338,2024-07-18,243.39999389648438,243.39999389648438,243.39999389648438,243.39999389648438,0,141094.35651182142
339,2024-07-19,238.1999969482422,238.1999969482422,238.1999969482422,238.1999969482422,20952,138080.0169815267
340,2024-07-22,243.0500030517578,244.5500030517578,236.5,237.6999969482422,15361,140891.47346227325
341,2024-07-23,239.10000610351562,243.10000610351562,238.25,242.5,13521,138601.7352058585
342,2024-07-24,231.14999389648438,238.60000610351562,230.5500030517578,238.0,29802,133993.2640277974
343,2024-07-25,234.6999969482422,235.4499969482422,228.5500030517578,231.35000610351562,26638,136051.1334146627
344,2024-07-26,230.25,233.0,229.8000030517578,232.5500030517578,13314,133471.554648696
345,2024-07-29,230.39999389648438,233.60000610351562,228.10000610351562,230.35000610351562,16265,133558.5032634694
346,2024-07-30,230.8000030517578,233.1999969482422,228.25,230.85000610351562,15917,133790.38097824925
347,2024-07-31,229.1999969482422,235.39999389648438,227.10000610351562,230.5,22033,132862.88780959073
348,2024-08-01,227.25,231.14999389648438,225.25,229.1999969482422,19190,131732.51159138395
349,2024-08-02,230.5,231.75,226.4499969482422,227.25,16950,133616.474903472
350,2024-08-05,225.6999969482422,227.89999389648438,221.0,227.35000610351562,24822,130834.0042427267
351,2024-08-06,235.9499969482422,238.85000610351562,229.5500030517578,229.85000610351562,31484,136775.7346885427
352,2024-08-07,246.3000030517578,248.0,235.25,235.35000610351562,40125,142775.43677436127
353,2024-08-08,245.3000030517578,251.75,243.10000610351562,245.25,37129,142195.75575525727
354,2024-08-09,234.0500030517578,246.0500030517578,232.25,245.3000030517578,44484,135674.34429033726
355,2024-08-12,240.85000610351562,249.4499969482422,239.25,245.5,25849,139616.1769892905
356,2024-08-13,232.6999969482422,237.14999389648438,230.10000610351562,235.8000030517578,24083,134891.77137645468
357,2024-08-14,237.0,238.9499969482422,232.0500030517578,232.75,10297,137384.40152764798
358,2024-08-15,239.89999389648438,240.35000610351562,234.3000030517578,236.8000030517578,7422,139065.4729449574
359,2024-08-16,245.4499969482422,245.8000030517578,238.5500030517578,239.10000610351562,8503,142282.7043700307
360,2024-08-19,245.89999389648438,249.8000030517578,242.60000610351562,245.5,5273,142543.55905958143
361,2024-08-20,249.4499969482422,254.5,245.8000030517578,247.89999389648438,5942,144601.4284464467
362,2024-08-21,249.4499969482422,253.0,244.0,247.0,4069,144601.4284464467
363,2024-08-22,246.8000030517578,253.3000030517578,244.5,253.3000030517578,247,143065.27728391325
364,2024-08-23,251.1999969482422,251.35000610351562,245.0500030517578,246.8000030517578,46,145615.8702298787
365,2024-08-26,253.64999389648438,253.25,248.39999389648438,249.39999389648438,12,147036.0869576374
366,2024-08-27,259.3999938964844,263.6499938964844,254.64999389648438,259.1499938964844,57,150369.25281748542
367,2024-08-28,260.45001220703125,259.04998779296875,259.0,259.0,12,150977.9285018211
368,2024-08-29,251.8000030517578,258.70001220703125,250.3000030517578,258.70001220703125,51,145963.68237943324
369,2024-08-30,248.1999969482422,255.5,250.3000030517578,255.4499969482422,18,143876.8271725667
370,2024-09-03,246.75,246.64999389648438,246.64999389648438,246.64999389648438,20,143036.29146391197
371,2024-09-04,245.5500030517578,246.4499969482422,246.10000610351562,246.4499969482422,3,142340.67601003323
372,2024-09-05,246.60000610351562,246.60000610351562,246.60000610351562,246.60000610351562,0,142949.3428491385
373,2024-09-06,240.0500030517578,246.5,240.0,246.5,3,139152.43040496128
374,2024-09-09,249.4499969482422,249.4499969482422,249.4499969482422,249.4499969482422,3,144601.4284464467
375,2024-09-10,248.0,248.0,248.0,248.0,4,143760.892737792
376,2024-09-11,249.4499969482422,247.85000610351562,247.85000610351562,247.85000610351562,1,144601.4284464467
377,2024-09-12,252.0,252.0,252.0,252.0,0,146079.61681420798
378,2024-09-13,262.04998779296875,261.75,261.75,261.75,2,151905.40398001886
379,2024-09-16,259.04998779296875,259.04998779296875,259.04998779296875,259.04998779296875,0,150166.36092270687
380,2024-09-17,265.0,265.04998779296875,264.20001220703125,264.20001220703125,3,153615.47006255997
381,2024-09-18,263.1499938964844,265.70001220703125,265.70001220703125,265.70001220703125,15678,152543.05663912543
382,2024-09-19,261.6499938964844,263.0,257.29998779296875,260.6000061035156,14167,151673.5351104694
383,2024-09-20,250.75,262.1000061035156,247.6999969482422,261.79998779296875,23783,145355.01554032796
384,2024-09-23,263.6499938964844,264.3999938964844,250.10000610351562,251.89999389648438,21100,152832.8971486774
385,2024-09-24,267.79998779296875,270.3999938964844,262.70001220703125,263.6499938964844,19275,155238.56983986686
386,2024-09-25,269.1000061035156,271.20001220703125,263.20001220703125,267.0,15053,155992.16577897852
387,2024-09-26,273.8999938964844,275.04998779296875,267.95001220703125,268.75,15565,158774.62759449342
388,2024-09-27,269.1499938964844,273.1499938964844,264.6000061035156,272.0,14947,156021.14275374945
389,2024-09-30,270.25,272.1499938964844,264.1000061035156,268.1499938964844,18335,156658.79541285598
390,2024-10-01,264.1499938964844,271.45001220703125,261.5,269.79998779296875,19959,153122.73765822942
391,2024-10-02,256.5,267.5,255.75,265.5,24169,148688.181400176
392,2024-10-03,252.0500030517578,258.5,251.39999389648438,257.95001220703125,16847,146108.60263420924
393,2024-10-04,257.3500061035156,257.75,252.0,253.85000610351562,14342,149180.91380450653
394,2024-10-07,244.64999389648438,253.64999389648438,243.35000610351562,252.85000610351562,26384,141818.95778570144
395,2024-10-08,248.1999969482422,248.89999389648438,244.0500030517578,248.0500030517578,16056,143876.8271725667
396,2024-10-09,250.0500030517578,252.89999389648438,246.60000610351562,247.75,14320,144949.24059600124
397,2024-10-10,254.75,257.1000061035156,247.39999389648438,248.0500030517578,15930,147673.73961674396
398,2024-10-11,252.0500030517578,256.45001220703125,251.0,254.25,13850,146108.60263420924
399,2024-10-14,262.04998779296875,262.6499938964844,250.3000030517578,251.0500030517578,16920,151905.40398001886
400,2024-10-15,256.70001220703125,264.1499938964844,255.35000610351562,261.70001220703125,14783,148804.12468018112
401,2024-10-16,258.0,259.54998779296875,254.8000030517578,258.0,13091,149557.70292883198
402,2024-10-17,255.14999389648438,261.0,253.39999389648438,257.1000061035156,13289,147905.60848629344
403,2024-10-18,257.29998779296875,259.1000061035156,253.10000610351562,254.0,11056,149151.91913927486
404,2024-10-21,251.6999969482422,254.0500030517578,248.0500030517578,253.5,16917,145905.71073943068
405,2024-10-22,249.85000610351562,255.6999969482422,248.5500030517578,252.5,17531,144833.30616122656
406,2024-10-23,252.35000610351562,253.85000610351562,247.39999389648438,249.25,15434,146282.50870898654
407,2024-10-24,245.4499969482422,256.1000061035156,244.10000610351562,251.89999389648438,21963,142282.7043700307
408,2024-10-25,248.39999389648438,248.75,244.39999389648438,245.85000610351562,15942,143992.76160734144
409,2024-10-28,252.35000610351562,255.64999389648438,246.25,247.25,17939,146282.50870898654
410,2024-10-29,248.10000610351562,254.25,247.85000610351562,253.1999969482422,13578,143818.86437779453
411,2024-10-30,249.60000610351562,250.5500030517578,245.14999389648438,248.6999969482422,16871,144688.3859064505
412,2024-10-31,245.89999389648438,249.5,244.35000610351562,249.0,17376,142543.55905958143
413,2024-11-01,242.9499969482422,249.25,241.3000030517578,246.3000030517578,23120,140833.5018222707
414,2024-11-04,245.9499969482422,246.5500030517578,242.10000610351562,243.85000610351562,24031,142572.5448795827
415,2024-11-05,250.14999389648438,252.25,246.0,246.5500030517578,28770,145007.20339077341
416,2024-11-06,248.75,250.8000030517578,244.14999389648438,248.60000610351562,24333,144195.65350211997
417,2024-11-07,260.3999938964844,261.3999938964844,249.5,250.14999389648438,38861,150948.93383658942
418,2024-11-08,253.35000610351562,259.95001220703125,252.75,258.0,43846,146862.18972809054
419,2024-11-11,256.20001220703125,258.70001220703125,253.35000610351562,253.35000610351562,27432,148514.28417062908
420,2024-11-12,263.54998779296875,266.3999938964844,256.70001220703125,256.75,23933,152774.92550867487
421,2024-11-13,271.6499938964844,272.95001220703125,260.75,262.8999938964844,16033,157470.34530150943
422,2024-11-14,278.95001220703125,285.04998779296875,270.95001220703125,271.6499938964844,9891,161702.02735524508
423,2024-11-15,281.79998779296875,283.8999938964844,274.95001220703125,274.95001220703125,10317,163354.10410732287
424,2024-11-18,280.75,290.20001220703125,278.3500061035156,284.25,7712,162745.44611344798
425,2024-11-19,279.75,287.20001220703125,277.75,281.70001220703125,6890,162165.76509434398
426,2024-11-20,295.29998779296875,296.95001220703125,286.29998779296875,288.0,248,171179.79786522684
427,2024-11-21,298.6499938964844,300.0,295.75,300.0,87,173121.73281731742
428,2024-11-22,305.25,306.25,296.54998779296875,296.54998779296875,35,176947.631081496
429,2024-11-25,308.3500061035156,312.79998779296875,307.25,308.29998779296875,79,178744.64577881052
430,2024-11-26,312.1499938964844,313.0,310.04998779296875,310.04998779296875,21,180947.4265752214
431,2024-11-27,326.1499938964844,329.5,319.6499938964844,320.0,33,189062.96084267742
432,2024-11-29,321.6499938964844,335.0,324.29998779296875,334.5,1144,186454.3962567094
433,2024-12-02,299.20001220703125,318.1000061035156,297.6000061035156,318.1000061035156,30,173440.56799210107
434,2024-12-03,297.70001220703125,303.45001220703125,293.75,298.3500061035156,46,172571.0464634451
435,2024-12-04,305.95001220703125,306.6000061035156,305.79998779296875,306.6000061035156,19,177353.41487105307
436,2024-12-05,315.75,312.45001220703125,307.8500061035156,310.75,4,183034.281782088
437,2024-12-06,332.5,332.5,332.5,332.5,2,192743.93885207997
438,2024-12-09,332.29998779296875,332.29998779296875,332.29998779296875,332.29998779296875,2,192627.99557207484
439,2024-12-10,335.6499938964844,347.3500061035156,343.70001220703125,343.8500061035156,24,194569.9305241654
440,2024-12-11,321.70001220703125,321.70001220703125,321.70001220703125,321.70001220703125,0,186483.39092194109
441,2024-12-12,322.6000061035156,322.6000061035156,322.6000061035156,322.6000061035156,2,187005.10030104255
442,2024-12-13,320.8500061035156,320.8500061035156,320.8500061035156,320.8500061035156,0,185990.65851761054
443,2024-12-16,328.75,328.25,328.25,328.25,1,190570.13503043997
444,2024-12-17,325.45001220703125,322.6000061035156,322.6000061035156,322.6000061035156,1,188657.1947435811
445,2024-12-18,333.1499938964844,333.1499938964844,333.1499938964844,333.1499938964844,17909,193120.7279764054
446,2024-12-19,323.75,341.79998779296875,321.5,332.6499938964844,26439,187671.72993491995
447,2024-12-20,325.0,329.5,319.0,325.5,15022,188396.33120879997
448,2024-12-23,327.25,329.75,320.8500061035156,325.0,10320,189700.61350178396
449,2024-12-24,328.6000061035156,329.54998779296875,322.04998779296875,327.04998779296875,0,190483.1864156665
450,2024-12-26,324.6499938964844,331.5,322.3500061035156,330.0,7162,188193.4393140214
451,2024-12-27,322.6499938964844,325.5,318.3999938964844,323.6499938964844,11070,187034.0772758134
452,2024-12-30,321.0,323.8500061035156,316.79998779296875,322.1499938964844,12652,186077.60713238397
453,2024-12-31,319.75,321.29998779296875,312.1499938964844,318.8500061035156,0,185353.00585850398
454,2025-01-02,326.8500061035156,329.79998779296875,319.75,321.54998779296875,14736,189468.74463223453
455,2025-01-03,318.6499938964844,326.25,317.6499938964844,324.75,11892,184715.35319939742
456,2025-01-06,318.6000061035156,328.6000061035156,317.04998779296875,318.6499938964844,15989,184686.37622462653
457,2025-01-07,320.5,323.1000061035156,317.75,320.6499938964844,12720,185787.766622832
458,2025-01-08,316.45001220703125,324.29998779296875,314.8999938964844,320.6499938964844,21114,183440.0655716451
459,2025-01-09,318.5,322.0,316.6499938964844,321.0,14253,184628.404584624
460,2025-01-10,323.8500061035156,325.8500061035156,317.75,319.5,15992,187729.70157492254
461,2025-01-13,325.95001220703125,333.8500061035156,322.1000061035156,322.8999938964844,19362,188947.0352531331
462,2025-01-14,321.95001220703125,328.8500061035156,321.04998779296875,325.5,16245,186628.31117671708
463,2025-01-15,330.45001220703125,331.20001220703125,321.04998779296875,322.5,12295,191555.59983910108
464,2025-01-16,327.1499938964844,332.04998779296875,325.20001220703125,330.54998779296875,12579,189642.6418617814
465,2025-01-17,328.3500061035156,332.45001220703125,325.8999938964844,328.8999938964844,12501,190338.26616089052
466,2025-01-21,327.79998779296875,336.25,327.1000061035156,330.3999938964844,16306,190019.43098610686
467,2025-01-22,341.8500061035156,342.95001220703125,327.5,331.20001220703125,20014,198163.9599187945
468,2025-01-23,343.95001220703125,348.8999938964844,338.8500061035156,342.0,20092,199381.29359700507
469,2025-01-24,347.54998779296875,349.79998779296875,341.8999938964844,345.0,13666,201468.13111341084
470,2025-01-27,349.20001220703125,355.54998779296875,345.20001220703125,348.75,19560,202424.6189473011
471,2025-01-28,357.5,358.8999938964844,346.79998779296875,352.54998779296875,15976,207235.96432968
472,2025-01-29,366.54998779296875,369.45001220703125,359.20001220703125,360.25,22486,212482.07047638684
473,2025-01-30,373.3999938964844,376.8500061035156,365.3500061035156,368.0,20670,216452.88899534143
474,2025-01-31,377.8500061035156,381.04998779296875,366.20001220703125,380.0,25869,219032.4766065385
475,2025-02-03,380.8999938964844,388.95001220703125,373.3999938964844,375.8500061035156,25155,220800.4966386214
476,2025-02-04,383.3500061035156,389.8999938964844,380.8999938964844,385.1000061035156,19981,222220.72221161055
477,2025-02-05,397.75,401.1000061035156,381.6000061035156,385.8999938964844,26188,230568.12534861595
478,2025-02-06,403.95001220703125,411.25,398.70001220703125,402.0,25382,234162.1547432451
479,2025-02-07,404.3500061035156,413.95001220703125,399.95001220703125,403.25,25608,234394.02361279452
480,2025-02-10,429.04998779296875,431.95001220703125,409.3500061035156,410.45001220703125,28480,248712.13417038685
481,2025-02-11,413.45001220703125,437.95001220703125,409.5,433.8500061035156,24827,239669.12442473305
482,2025-02-12,431.79998779296875,432.8999938964844,414.6499938964844,416.0,26179,250306.25697292286
483,2025-02-13,438.8999938964844,440.8500061035156,424.04998779296875,429.0,14700,254421.9957466534
484,2025-02-14,419.75,438.1499938964844,411.6000061035156,435.3999938964844,10449,243321.10776890395
485,2025-02-18,419.0,424.0,405.6000061035156,421.0,13370,242886.34700457598
486,2025-02-19,417.8999938964844,434.1000061035156,414.0,423.95001220703125,6705,242248.6943454694
487,2025-02-20,395.75,417.8999938964844,395.0,417.8999938964844,677,229408.76331040796
488,2025-02-21,400.0,405.5,395.0,395.75,68,231872.40764159997
489,2025-02-24,393.79998779296875,399.29998779296875,393.70001220703125,394.8999938964844,72,228278.37824697082
490,2025-02-25,380.5,393.20001220703125,378.1000061035156,392.20001220703125,191,220568.62776907196
491,2025-02-26,379.45001220703125,381.1000061035156,374.54998779296875,377.04998779296875,33,219959.9697751971
492,2025-02-27,378.75,378.0,377.79998779296875,378.0,12,219554.18598563995
493,2025-02-28,379.04998779296875,382.1499938964844,379.3500061035156,382.04998779296875,24,219728.08321518687
494,2025-03-03,392.70001220703125,390.8500061035156,385.5,385.5,11,227640.74327832507
495,2025-03-04,403.75,404.75,391.8500061035156,391.8500061035156,19,234046.21146323995
496,2025-03-05,415.5,421.79998779296875,412.3500061035156,412.70001220703125,10,240857.463437712
497,2025-03-06,393.0,413.45001220703125,409.5,413.45001220703125,4,227814.64050787198
498,2025-03-07,390.20001220703125,390.20001220703125,390.20001220703125,390.20001220703125,11,226191.5407305651
499,2025-03-10,389.3500061035156,394.8999938964844,394.8999938964844,394.8999938964844,4,225698.80832623452
500,2025-03-11,399.45001220703125,400.1499938964844,395.6000061035156,395.6000061035156,9,231553.59015727707
501,2025-03-12,392.20001220703125,392.20001220703125,392.20001220703125,392.20001220703125,5,227350.90276877308
502,2025-03-13,390.6000061035156,391.70001220703125,391.70001220703125,391.70001220703125,48,226423.4096001145
503,2025-03-14,382.1000061035156,382.1000061035156,382.1000061035156,382.1000061035156,1,221496.1209377305
504,2025-03-17,389.3500061035156,382.75,382.75,382.75,12,225698.80832623452
505,2025-03-18,387.1499938964844,391.95001220703125,383.70001220703125,386.0,22,224423.5030080214
506,2025-03-19,394.6000061035156,394.1499938964844,394.1000061035156,394.1499938964844,12747,228742.13367653053
507,2025-03-20,392.1499938964844,397.6000061035156,386.04998779296875,389.29998779296875,14036,227321.9081035414
508,2025-03-21,391.3999938964844,395.75,386.5,392.0,12375,226887.1473392134
509,2025-03-24,393.3999938964844,402.3999938964844,390.6000061035156,391.45001220703125,13306,228046.5093774214
510,2025-03-25,398.54998779296875,401.0,392.1000061035156,393.45001220703125,12354,231031.86308771485
511,2025-03-26,392.0,405.3999938964844,388.54998779296875,400.0,14383,227234.95948876793
512,2025-03-27,378.79998779296875,392.1000061035156,375.6000061035156,392.0,21790,219583.16296041085
513,2025-03-28,379.95001220703125,384.79998779296875,377.54998779296875,380.79998779296875,15500,220249.8102847491
514,2025-03-31,379.75,386.3999938964844,378.54998779296875,380.0,14167,220133.86700474395
515,2025-04-01,389.04998779296875,391.45001220703125,372.25,379.25,18430,225524.89340622685
516,2025-04-02,388.8500061035156,393.70001220703125,382.1499938964844,389.04998779296875,13885,225408.9678166825
517,2025-04-03,385.25,391.0,376.8999938964844,386.3999938964844,16445,223322.11260981596
518,2025-04-04,365.70001220703125,389.3500061035156,364.8999938964844,386.54998779296875,24921,211989.35576251708
519,2025-04-07,344.79998779296875,364.5,338.6000061035156,362.5,37079,199874.00831087484
520,2025-04-08,342.8999938964844,350.1499938964844,340.5,345.0,25850,198772.6179126694
521,2025-04-09,341.70001220703125,353.75,325.20001220703125,341.1499938964844,28737,198077.01130402106
522,2025-04-10,342.8500061035156,361.5,342.1499938964844,360.1000061035156,20192,198743.64093789854
523,2025-04-11,357.70001220703125,360.70001220703125,341.6000061035156,345.95001220703125,23345,207351.90760968506
524,2025-04-14,360.3999938964844,365.45001220703125,354.0,361.5,9191,208917.0357469894
525,2025-04-15,369.3999938964844,372.1499938964844,362.70001220703125,362.8999938964844,10062,214134.16491892544
526,2025-04-16,376.04998779296875,379.20001220703125,364.1000061035156,367.8999938964844,4806,217989.04015787487
527,2025-04-17,375.5,380.8999938964844,370.0,378.6000061035156,0,217670.22267355197
528,2025-04-21,366.79998779296875,379.0,364.3999938964844,374.5,3557,212626.99073116283
529,2025-04-22,377.6499938964844,381.0,366.79998779296875,369.5,204,218916.5333265334
530,2025-04-23,392.3999938964844,386.04998779296875,382.0,382.29998779296875,71,227466.8283583174
531,2025-04-24,408.0,409.04998779296875,393.95001220703125,393.95001220703125,216,236509.855794432
532,2025-04-25,408.25,407.45001220703125,407.45001220703125,407.45001220703125,29,236654.77604920793
533,2025-04-28,421.54998779296875,422.3999938964844,407.20001220703125,407.20001220703125,96,244364.52652710685
534,2025-04-29,412.6499938964844,427.79998779296875,410.75,426.0,16,239205.36899517343
535,2025-04-30,413.6000061035156,413.6000061035156,413.6000061035156,413.6000061035156,0,239756.07303950653
536,2025-05-01,395.70001220703125,399.8999938964844,399.8999938964844,399.8999938964844,1,229379.78633563707
537,2025-05-02,395.3999938964844,395.3999938964844,395.3999938964844,395.3999938964844,0,229205.87141562943
538,2025-05-05,398.95001220703125,395.0,395.0,395.0,1,231263.74964772508
539,2025-05-06,401.1000061035156,404.20001220703125,404.20001220703125,404.20001220703125,13,232510.0603007065
540,2025-05-07,396.20001220703125,396.5,396.5,396.5,22,229669.6268451891
541,2025-05-08,397.79998779296875,397.79998779296875,397.79998779296875,397.79998779296875,14,230597.10232338685
542,2025-05-09,397.1499938964844,398.5,398.5,398.5,8,230220.31319906138
543,2025-05-12,382.45001220703125,382.45001220703125,382.45001220703125,382.45001220703125,0,221699.0128325091
544,2025-05-13,384.8500061035156,380.0,380.0,380.0,25,223090.24374026654
545,2025-05-14,373.95001220703125,378.75,373.75,378.75,31,216771.7241701251
546,2025-05-15,384.95001220703125,383.0,375.0,375.0,20,223148.21538026907
547,2025-05-16,376.25,384.1499938964844,375.6499938964844,384.1499938964844,112,218104.98343787997
548,2025-05-19,376.1499938964844,378.54998779296875,377.8500061035156,377.8500061035156,10983,218047.0117978774
549,2025-05-20,369.29998779296875,379.25,368.20001220703125,374.0,9934,214076.19327892287
550,2025-05-21,370.29998779296875,375.20001220703125,366.3999938964844,370.0,7625,214655.87429802684
551,2025-05-22,360.75,368.45001220703125,359.20001220703125,368.45001220703125,14747,209119.92764176795
552,2025-05-23,361.0,363.0,355.25,361.70001220703125,0,209264.84789654394
553,2025-05-27,361.70001220703125,364.8500061035156,355.54998779296875,359.1000061035156,12122,209670.6316861011
554,2025-05-28,351.95001220703125,360.04998779296875,350.1499938964844,359.20001220703125,15417,204018.7417498371
555,2025-05-29,348.3999938964844,357.29998779296875,347.1499938964844,352.95001220703125,13380,201960.86351774144
556,2025-05-30,342.45001220703125,351.0,341.20001220703125,348.6000061035156,14944,198511.7720683491
557,2025-06-02,344.45001220703125,347.25,338.45001220703125,340.3999938964844,16733,199671.1341065571
558,2025-06-03,340.8500061035156,344.04998779296875,336.54998779296875,342.25,13971,197584.27889969051
559,2025-06-04,346.1499938964844,347.70001220703125,339.54998779296875,340.8500061035156,12780,200656.58122475742
560,2025-06-05,359.75,361.6499938964844,347.54998779296875,348.1499938964844,20188,208540.24662266398
561,2025-06-06,358.04998779296875,376.3999938964844,356.29998779296875,362.25,25705,207554.78181400287
562,2025-06-09,361.54998779296875,364.45001220703125,355.04998779296875,357.8500061035156,16962,209583.66538086685
563,2025-06-10,355.04998779296875,372.5,353.70001220703125,362.04998779296875,23070,205815.73875669087
564,2025-06-11,350.6499938964844,358.5,349.3999938964844,355.5,14161,203265.14581072543
565,2025-06-12,347.79998779296875,352.0,345.45001220703125,349.5,16748,201613.05136818686
566,2025-06-13,349.70001220703125,351.54998779296875,338.04998779296875,345.0,11113,202714.45945685307
567,2025-06-16,343.95001220703125,353.79998779296875,342.8500061035156,350.5,6074,199381.29359700507
568,2025-06-17,335.8500061035156,348.5,334.29998779296875,347.04998779296875,5049,194685.87380417052
569,2025-06-18,324.8999938964844,335.20001220703125,316.45001220703125,334.75,0,188338.3595687974
570,2025-06-20,319.04998779296875,329.8500061035156,316.95001220703125,324.54998779296875,374,184947.22206894687
571,2025-06-23,330.29998779296875,330.0,320.04998779296875,320.04998779296875,37,191468.63353386684
572,2025-06-24,315.3500061035156,325.54998779296875,317.75,323.75,206,182802.41291253854
573,2025-06-25,308.6499938964844,325.25,315.0,325.25,34,178918.5430083574
574,2025-06-26,309.5,309.5,309.5,309.5,1,179411.275412688
575,2025-06-27,309.8999938964844,307.0,300.5,307.0,57,179643.14428223742
576,2025-06-30,306.75,308.6499938964844,305.3500061035156,308.6499938964844,57,177817.15261015197
577,2025-07-01,298.8500061035156,306.6000061035156,299.25,306.6000061035156,75,173237.67609732252
578,2025-07-02,297.95001220703125,295.0,286.5,295.0,9,172715.96671822108
579,2025-07-03,292.6499938964844,292.6499938964844,292.6499938964844,292.6499938964844,0,169643.64670269343
580,2025-07-04,292.6499938964844,292.6499938964844,292.6499938964844,292.6499938964844,0,169643.64670269343
581,2025-07-07,280.04998779296875,285.70001220703125,285.70001220703125,285.70001220703125,34,162339.66232389084
582,2025-07-08,287.3999938964844,287.3999938964844,287.3999938964844,287.3999938964844,0,166600.3213523974
583,2025-07-09,285.8500061035156,285.8500061035156,285.8500061035156,285.8500061035156,0,165701.82284897054
584,2025-07-10,289.8999938964844,289.8999938964844,289.8999938964844,289.8999938964844,0,168049.5239001574
585,2025-07-11,288.6000061035156,288.6000061035156,288.6000061035156,288.6000061035156,0,167295.9456515065
586,2025-07-14,305.70001220703125,305.70001220703125,305.70001220703125,305.70001220703125,12,177208.49461627708
587,2025-07-15,301.6000061035156,301.6000061035156,301.6000061035156,301.6000061035156,95,174831.79889985852
588,2025-07-16,314.54998779296875,312.54998779296875,312.54998779296875,312.54998779296875,12,182338.65748297886
589,2025-07-17,312.5,312.5,312.5,312.5,0,181150.31846999997
590,2025-07-18,308.8999938964844,308.8999938964844,308.8999938964844,308.8999938964844,0,179063.46326313342
591,2025-07-21,297.25,297.25,297.25,297.25,13129,172310.182928664
592,2025-07-22,296.3500061035156,298.54998779296875,285.75,291.95001220703125,11505,171788.47354956254
593,2025-07-23,301.3500061035156,302.5,292.8500061035156,297.8999938964844,10603,174686.87864508253
594,2025-07-24,304.8500061035156,307.20001220703125,298.45001220703125,299.25,10893,176715.7622119465
595,2025-07-25,297.54998779296875,307.45001220703125,297.25,305.0,10081,172484.08015821083
596,2025-07-28,301.70001220703125,306.0,298.79998779296875,300.0,12052,174889.77053986109
597,2025-07-29,296.5,301.75,288.95001220703125,301.25,15267,171875.42216433596
598,2025-07-30,293.3999938964844,301.79998779296875,290.54998779296875,297.6499938964844,12568,170078.4074670214
599,2025-07-31,295.79998779296875,303.6000061035156,294.04998779296875,297.0,12201,171469.63837477888
600,2025-08-01,284.20001220703125,297.04998779296875,283.6499938964844,294.1000061035156,15428,164745.3527055411
601,2025-08-04,288.54998779296875,294.04998779296875,286.04998779296875,287.1000061035156,13105,167266.95098627484
602,2025-08-05,298.70001220703125,299.6000061035156,288.04998779296875,289.25,16402,173150.7274825491
603,2025-08-06,293.3999938964844,300.1499938964844,292.04998779296875,297.54998779296875,14569,170078.4074670214
604,2025-08-07,297.79998779296875,299.3500061035156,292.5,297.20001220703125,18683,172629.00041298688
605,2025-08-08,309.3500061035156,309.95001220703125,297.79998779296875,297.79998779296875,27797,179324.32679791455
606,2025-08-11,320.70001220703125,324.45001220703125,305.79998779296875,307.0,22876,185903.7099028371
607,2025-08-12,315.1499938964844,327.0,310.6499938964844,320.8999938964844,11677,182686.46963253344
608,2025-08-13,319.6000061035156,324.3999938964844,316.0,317.3500061035156,10269,185266.05724373052
609,2025-08-14,326.5,328.5,315.5,319.45001220703125,9471,189265.85273745598
610,2025-08-15,341.6499938964844,344.29998779296875,326.1499938964844,329.1000061035156,7499,198048.01663878938
611,2025-08-18,343.6000061035156,346.8999938964844,333.3999938964844,341.6499938964844,5656,199178.40170222655
612,2025-08-19,356.20001220703125,359.1000061035156,345.3999938964844,345.45001220703125,6196,206482.38608102908
613,2025-08-20,360.25,364.70001220703125,352.75,358.6000061035156,6369,208830.08713221597
614,2025-08-21,375.25,378.0,358.95001220703125,360.0,257,217525.30241877597
615,2025-08-22,390.6499938964844,391.3500061035156,378.0,380.3500061035156,87,226452.3865748854
616,2025-08-25,389.95001220703125,398.79998779296875,388.5,388.5,30,226046.6204757891
617,2025-08-26,384.04998779296875,388.3999938964844,376.5,388.3999938964844,55,222626.48831070683
618,2025-08-27,393.79998779296875,397.1000061035156,379.0,379.0,79,228278.37824697082
619,2025-08-28,387.75,400.79998779296875,387.29998779296875,394.6499938964844,81,224771.31515757597
620,2025-08-29,396.8500061035156,398.04998779296875,384.0,384.0,0,230046.41596951452
621,2025-09-02,382.20001220703125,386.1000061035156,378.5,380.0,12,221554.0925777331
622,2025-09-03,385.25,389.29998779296875,383.20001220703125,383.20001220703125,6,223322.11260981596
623,2025-09-04,385.75,386.8999938964844,384.0,384.0,11,223611.95311936797
624,2025-09-05,385.6000061035156,386.3999938964844,381.70001220703125,381.70001220703125,16,223525.00450459454
625,2025-09-08,397.79998779296875,399.75,385.25,386.0,16,230597.10232338685
626,2025-09-09,393.0,403.75,393.0,403.75,10,227814.64050787198
627,2025-09-10,401.0,399.3500061035156,397.54998779296875,397.70001220703125,12,232452.08866070397
628,2025-09-11,400.04998779296875,400.5,399.8999938964844,399.8999938964844,14,231901.38461637084
629,2025-09-12,410.6499938964844,410.6499938964844,410.6499938964844,410.6499938964844,0,238046.0069569654
630,2025-09-15,432.3500061035156,425.1499938964844,422.8999938964844,422.8999938964844,24,250625.0921477065
631,2025-09-16,422.25,431.29998779296875,422.0,428.70001220703125,20,244770.310316664
632,2025-09-17,388.54998779296875,388.54998779296875,388.54998779296875,388.54998779296875,1,225235.05289667484
633,2025-09-18,385.8500061035156,385.8500061035156,385.8500061035156,385.8500061035156,18176,223669.92475937054
634,2025-09-19,366.5,384.3999938964844,356.25,381.79998779296875,25299,212453.09350161598
635,2025-09-22,367.3500061035156,370.1499938964844,360.54998779296875,369.20001220703125,12986,212945.82590594655
636,2025-09-23,350.1499938964844,368.8500061035156,349.45001220703125,365.5,25338,202975.3053011734
637,2025-09-24,367.75,368.75,350.95001220703125,351.8999938964844,18066,213177.69477549597
638,2025-09-25,371.3500061035156,378.3999938964844,361.25,371.5,14512,215264.5499823625
639,2025-09-26,378.04998779296875,384.0,372.6000061035156,375.0,14478,219148.40219608287
640,2025-09-29,372.20001220703125,388.29998779296875,370.29998779296875,381.04998779296875,14283,215757.28238669308
641,2025-09-30,374.8500061035156,380.70001220703125,370.5,373.20001220703125,13057,217293.43354922655
642,2025-10-01,383.8999938964844,384.6000061035156,366.6000061035156,372.3500061035156,13230,222539.5396959334
643,2025-10-02,378.1000061035156,386.20001220703125,375.1000061035156,385.25,8361,219177.39686131454
644,2025-10-03,390.75,392.3500061035156,381.04998779296875,383.25,12450,226510.358214888
645,2025-10-06,381.3500061035156,390.3500061035156,377.5,384.8999938964844,13524,221061.36017340253
646,2025-10-07,375.3999938964844,382.29998779296875,372.1499938964844,381.6000061035156,12068,217612.2510335494
647,2025-10-08,385.1000061035156,386.20001220703125,373.95001220703125,376.8500061035156,12511,223235.1639950425
648,2025-10-09,377.25,387.95001220703125,376.70001220703125,385.5,10116,218684.66445698397
649,2025-10-10,373.04998779296875,382.8500061035156,370.6000061035156,376.79998779296875,12380,216249.99710056285
650,2025-10-13,385.20001220703125,387.1000061035156,373.20001220703125,373.20001220703125,12110,223293.13563504507
651,2025-10-14,399.6499938964844,405.25,381.3999938964844,383.3500061035156,20989,231669.51574682142
652,2025-10-15,394.8999938964844,418.5,390.1499938964844,399.70001220703125,21015,228916.0309060774
653,2025-10-16,393.79998779296875,404.04998779296875,385.75,388.8500061035156,13004,228278.37824697082
654,2025-10-17,397.45001220703125,401.8999938964844,386.25,392.95001220703125,14466,230394.2281190691
655,2025-10-20,406.04998779296875,410.04998779296875,401.29998779296875,401.29998779296875,10302,235379.47073099483
656,2025-10-21,413.54998779296875,415.0,402.20001220703125,404.20001220703125,11818,239727.07837427483
657,2025-10-22,420.8500061035156,427.0,413.75,416.0,16422,243958.76042801054
658,2025-10-23,410.1499938964844,437.95001220703125,408.0,422.8999938964844,21413,237756.16644741344
659,2025-10-24,403.0,414.29998779296875,399.95001220703125,411.04998779296875,13968,233611.45069891197
660,2025-10-27,390.1000061035156,400.6499938964844,388.3999938964844,397.0,0,226133.56909056252
661,2025-10-28,387.8999938964844,395.0,380.3999938964844,390.0,16872,224858.26377234943
662,2025-10-29,390.70001220703125,392.45001220703125,382.1499938964844,390.8500061035156,13190,226481.38124011707
663,2025-10-30,392.0,394.70001220703125,382.8500061035156,394.70001220703125,12546,227234.95948876793
664,2025-10-31,392.04998779296875,396.6000061035156,385.0,393.54998779296875,10840,227263.93646353888
665,2025-11-03,406.6499938964844,409.3999938964844,392.75,392.75,15572,235727.2828805494
666,2025-11-04,405.25,415.95001220703125,403.20001220703125,408.04998779296875,13464,234915.73299189596
667,2025-11-05,413.6000061035156,418.04998779296875,403.0,403.3500061035156,19192,239756.07303950653
668,2025-11-06,396.75,416.25,395.75,415.5,18050,229988.44432951196
669,2025-11-07,407.79998779296875,412.6499938964844,393.6499938964844,399.04998779296875,20882,236393.91251442683
670,2025-11-10,414.75,416.54998779296875,406.5,408.29998779296875,18276,240422.702673384
671,2025-11-11,422.70001220703125,423.95001220703125,410.70001220703125,414.75,15234,245031.17385144508
672,2025-11-12,403.6499938964844,420.54998779296875,400.6000061035156,416.0,24214,233988.23982323738
673,2025-11-13,401.70001220703125,405.25,398.29998779296875,402.25,9691,232857.87245026106
674,2025-11-14,399.79998779296875,402.95001220703125,390.0,400.20001220703125,7812,231756.46436159484
675,2025-11-17,402.54998779296875,407.95001220703125,395.1499938964844,403.5,7511,233350.58716413082
676,2025-11-18,415.3500061035156,418.45001220703125,401.0,404.54998779296875,6837,240770.51482293857
677,2025-11-19,404.5,415.3500061035156,402.95001220703125,415.3500061035156,391,234480.97222756795
678,2025-11-20,406.5,408.29998779296875,404.5,405.79998779296875,116,235640.334265776
679,2025-11-21,400.0,402.04998779296875,383.5,402.04998779296875,162,231872.40764159997
680,2025-11-24,407.45001220703125,408.54998779296875,399.8999938964844,399.8999938964844,107,236191.03831010908
681,2025-11-25,414.20001220703125,415.04998779296875,405.0,409.20001220703125,111,240103.88518906108
682,2025-11-26,411.5,412.3500061035156,407.54998779296875,411.95001220703125,81,238538.73936129597
683,2025-11-28,413.0,412.5,412.3999938964844,412.5,17,239408.26088995195
684,2025-12-01,411.5,407.20001220703125,405.95001220703125,407.04998779296875,35,238538.73936129597
685,2025-12-02,405.54998779296875,410.45001220703125,404.79998779296875,409.45001220703125,31,235089.63022144284
686,2025-12-03,403.75,407.3999938964844,403.70001220703125,406.95001220703125,30,234046.21146323995
687,2025-12-04,411.95001220703125,411.1000061035156,408.75,410.0,36,238799.60289607706
688,2025-12-05,406.25,408.29998779296875,406.20001220703125,406.20001220703125,51,235495.414011
689,2025-12-08,396.04998779296875,405.6000061035156,396.25,403.3999938964844,33,229582.66053995484
690,2025-12-09,394.20001220703125,402.75,392.25,402.75,16,228510.2648069811
691,2025-12-10,400.79998779296875,405.0,401.95001220703125,402.79998779296875,17,232336.14538069887
692,2025-12-11,405.45001220703125,407.45001220703125,399.6499938964844,399.6499938964844,5,235031.6762719011
693,2025-12-12,397.20001220703125,404.45001220703125,395.1000061035156,404.45001220703125,47,230249.30786429305
694,2025-12-15,387.70001220703125,397.5,386.0,397.5,11,224742.33818280505
695,2025-12-16,379.29998779296875,383.79998779296875,382.0,382.0,38,219873.00346996286
696,2025-12-17,351.8999938964844,379.29998779296875,357.1499938964844,379.20001220703125,63,203989.74708460542
697,2025-12-18,345.45001220703125,345.45001220703125,345.45001220703125,345.45001220703125,14223,200250.8151256611
698,2025-12-19,340.6499938964844,348.54998779296875,340.0,346.6000061035156,19771,197468.33561968541
699,2025-12-22,347.3500061035156,349.5,339.04998779296875,341.1000061035156,13070,201352.20552386652
700,2025-12-23,346.95001220703125,352.3999938964844,345.6000061035156,350.0,11078,201120.3366543171
701,2025-12-24,345.1499938964844,348.6499938964844,343.04998779296875,348.1000061035156,0,200076.9002056534
702,2025-12-26,350.25,350.70001220703125,344.29998779296875,345.79998779296875,7348,203033.27694117598
703,2025-12-29,352.1499938964844,354.29998779296875,347.04998779296875,349.5,9184,204134.6673393814
704,2025-12-30,350.20001220703125,359.29998779296875,349.5,350.54998779296875,11564,203004.29996640506
705,2025-12-31,348.75,353.8500061035156,348.04998779296875,349.5,0,202163.75541251994
706,2026-01-02,357.29998779296875,358.04998779296875,345.20001220703125,348.3999938964844,11467,207120.02104967486
707,2026-01-05,359.3500061035156,360.6499938964844,350.6000061035156,354.54998779296875,16945,208308.3777531145
708,2026-01-06,373.8500061035156,374.29998779296875,356.79998779296875,358.20001220703125,26360,216713.75253012253
709,2026-01-07,375.45001220703125,382.8500061035156,371.0,371.3500061035156,20432,217641.24569878107
710,2026-01-08,372.3500061035156,383.8500061035156,371.6499938964844,373.04998779296875,15415,215844.2310014665
711,2026-01-09,357.6499938964844,372.8999938964844,356.04998779296875,372.3500061035156,18736,207322.9129444534
712,2026-01-12,356.04998779296875,358.8500061035156,352.79998779296875,357.6000061035156,12670,206395.41977579487
713,2026-01-13,360.25,363.54998779296875,356.6499938964844,359.04998779296875,16540,208830.08713221597
714,2026-01-14,356.0,363.3500061035156,353.75,362.8500061035156,13983,206366.44280102398
715,2026-01-15,358.1000061035156,359.0,350.6000061035156,355.8999938964844,12328,207583.77647923454
716,2026-01-16,355.29998779296875,361.29998779296875,354.6000061035156,358.6000061035156,10712,205960.65901146687
717,2026-01-20,346.5,355.6499938964844,345.54998779296875,353.79998779296875,16721,200859.47311953595
718,2026-01-21,347.5,348.20001220703125,341.79998779296875,346.29998779296875,18703,201439.15413863998
719,2026-01-22,347.70001220703125,350.1499938964844,344.25,346.8999938964844,12189,201555.09741864508
720,2026-01-23,350.8999938964844,355.3500061035156,346.8500061035156,347.75,12669,203410.06606550142
721,2026-01-26,356.25,359.0,351.5,351.54998779296875,12737,206511.36305579997
722,2026-01-27,367.25,370.0,357.0,357.20001220703125,18370,212887.85426594393
723,2026-01-28,351.0,372.54998779296875,349.79998779296875,371.0,21411,203468.03770550396
724,2026-01-29,345.5,352.54998779296875,344.6000061035156,351.54998779296875,15059,200279.79210043198
725,2026-01-30,332.25,345.5,330.8999938964844,344.5,25468,192599.01859730395
726,2026-02-02,333.25,338.25,331.0,331.75,16009,193178.69961640798
727,2026-02-03,317.1000061035156,337.75,314.79998779296875,335.54998779296875,24083,183816.8546959705
728,2026-02-04,308.6499938964844,324.79998779296875,307.1000061035156,319.3999938964844,29013,178918.5430083574
729,2026-02-05,308.3999938964844,313.0,301.6000061035156,310.1499938964844,24237,178773.6227535814
730,2026-02-06,296.54998779296875,315.0,293.6499938964844,312.04998779296875,29513,171904.39913910686
731,2026-02-09,299.8500061035156,305.6000061035156,291.79998779296875,295.20001220703125,25888,173817.35711642654
732,2026-02-10,294.20001220703125,304.0,292.6000061035156,301.3500061035156,21616,170542.16289658108
733,2026-02-11,294.79998779296875,298.04998779296875,292.29998779296875,294.3999938964844,16466,170889.95735567485
734,2026-02-12,299.6499938964844,302.45001220703125,295.75,297.20001220703125,11284,173701.41383642142
735,2026-02-13,300.04998779296875,308.6000061035156,297.54998779296875,300.95001220703125,6668,173933.28270597087
736,2026-02-17,284.6000061035156,299.3500061035156,282.04998779296875,296.8999938964844,6778,164977.22157509055
737,2026-02-18,287.54998779296875,288.04998779296875,281.1499938964844,285.1000061035156,4046,166687.26996717087
738,2026-02-19,287.3999938964844,289.70001220703125,279.29998779296875,288.54998779296875,180,166600.3213523974
739,2026-02-20,288.29998779296875,291.0,286.6499938964844,291.0,81,167122.03073149887
740,2026-02-23,281.1499938964844,286.1499938964844,281.8500061035156,286.1499938964844,79,162977.3149829974
741,2026-02-24,288.25,288.25,278.6499938964844,282.1000061035156,79,167093.05375672795
742,2026-02-25,288.29998779296875,290.0,286.70001220703125,290.0,59,167122.03073149887
743,2026-02-26,286.0,289.29998779296875,285.6000061035156,289.29998779296875,32,165788.77146374396
744,2026-02-27,284.6000061035156,286.45001220703125,284.79998779296875,286.1499938964844,25,164977.22157509055
745,2026-03-02,288.3500061035156,288.25,282.5,282.54998779296875,11,167151.02539673055
746,2026-03-03,286.95001220703125,290.0,286.54998779296875,288.3500061035156,21,166339.47550807707
747,2026-03-04,290.70001220703125,290.70001220703125,290.70001220703125,290.70001220703125,10,168513.27932971707
748,2026-03-05,293.0,290.6000061035156,290.6000061035156,290.6000061035156,31,169846.53859747198
749,2026-03-06,297.6000061035156,297.6000061035156,297.6000061035156,297.6000061035156,19,172513.07482344256
750,2026-03-09,301.75,304.0,299.6000061035156,299.79998779296875,10,174918.74751463198
751,2026-03-10,300.54998779296875,299.1000061035156,299.1000061035156,299.1000061035156,52,174223.12321552288
752,2026-03-11,292.0,292.0,292.0,292.0,4,169266.85757836796
753,2026-03-12,296.5,300.8999938964844,299.70001220703125,300.8500061035156,6,171875.42216433596
754,2026-03-13,292.75,290.5,282.70001220703125,299.1000061035156,14930,169701.618342696
