Date,Price,Open,High,Low,Vol.,Change %
2023-03-01,103763.085844,105275.01424,105275.01424,103595.0938,50.0,-2.68
2023-03-02,103007.121646,103595.0938,104379.056672,101103.21181400001,18460.0,-0.73
2023-03-03,101243.205184,101355.19988,101747.18131599999,101019.215792,10.0,-1.71
2023-03-06,102167.16142599999,101243.205184,101915.17336,101131.210488,10.0,0.91
2023-03-07,103343.10573400001,101999.16938200001,101999.16938200001,101999.16938200001,0.0,1.15
2023-03-08,100543.23833400001,100795.2264,100795.2264,100235.25292,10.0,-2.71
2023-03-09,99675.27944,99759.275462,101971.17070799999,99115.30596,50.0,-0.86
2023-03-10,102055.16673,100823.225074,102111.164078,100823.225074,30.0,2.39
2023-03-13,102587.141536,97995.359,102867.12827599999,97995.359,0.0,0.52
2023-03-14,101299.202532,100067.26087599999,100263.251594,98051.356348,12790.0,-1.26
2023-03-15,99703.278114,99255.29933,99255.29933,99255.29933,0.0,-1.58
2023-03-16,103875.08054,97603.37756400001,101579.189272,97155.39878,22990.0,4.18
2023-03-17,102475.14684,101719.182642,102055.16673,101719.182642,70.0,-1.35
2023-03-20,103539.096452,97771.369608,100123.258224,97071.402758,13590.0,1.04
2023-03-21,104547.04871599999,100431.243638,102391.150818,100151.25689799999,13970.0,0.97
2023-03-22,99675.27944,100543.23833400001,101411.19722799999,98947.313916,13550.0,-4.66
2023-03-23,97603.37756400001,100095.25955,100459.242312,97379.388172,14590.0,-2.08
2023-03-24,100375.24629,97883.364304,100711.230378,96651.42264799999,18110.0,2.84
2023-03-27,99059.30861200001,99955.26618,103035.12032,98527.333806,23740.0,-1.31
2023-03-28,97295.39215,99395.2927,100067.26087599999,97155.39878,19190.0,-1.78
2023-03-29,95027.499556,97827.366956,98135.35237,94411.52872799999,25130.0,-2.33
2023-03-30,95083.496904,95755.46508,96595.4253,94159.540662,27280.0,0.06
2023-03-31,95475.47834,95195.4916,96147.446516,93039.593702,32080.0,0.41
2023-04-03,98695.32585,95923.45712400001,99871.270158,95895.45845,25790.0,3.37
2023-04-04,97911.36297799999,98611.329828,99367.29402599999,96931.409388,17850.0,-0.79
2023-04-05,100879.222422,98107.35369599999,101635.18662,98107.35369599999,23600.0,3.03
2023-04-06,102811.130928,100543.23833400001,103343.10573400001,99647.280766,27060.0,1.92
2023-04-10,102251.157448,102811.130928,104603.04606400001,101691.183968,22690.0,-0.54
2023-04-11,106674.94794,102727.13490599999,107066.92937599999,102475.14684,33560.0,4.33
2023-04-12,106534.95457,105778.990372,107150.92539799999,105051.024848,27160.0,-0.13
2023-04-13,109810.799428,106394.9612,111826.703956,106030.97843799999,35200.0,3.07
2023-04-14,108298.871032,109558.81136200001,111798.705282,107990.885618,11460.0,-1.38
2023-04-17,112554.66948,108634.85512,112834.65622,108354.86838,9530.0,3.93
2023-04-18,114934.55677,112554.66948,115886.511686,111070.739758,9420.0,2.11
2023-04-19,113422.628374,113954.60318,116166.49842599999,111854.70263,6870.0,-1.32
2023-04-20,109698.804732,111546.71721599999,111798.705282,109054.83523,230.0,-3.28
2023-04-21,108746.84981599999,110398.771582,110398.771582,108354.86838,80.0,-0.87
2023-04-24,110174.78219,109950.792798,110230.779538,109194.8286,10.0,1.31
2023-04-25,107766.896226,106954.93468,107654.90153,106954.93468,10.0,-2.19
2023-04-26,109670.806058,108718.851142,109670.806058,108718.851142,10.0,1.77
2023-04-27,107570.905508,107962.88694400001,107962.88694400001,107570.905508,20.0,-1.91
2023-04-28,106310.965178,106114.97446,106590.95191799999,105890.985068,40.0,-1.17
2023-05-01,105974.98109,105415.00761,105415.00761,104771.038108,10.0,-0.32
2023-05-02,106758.943962,105331.011588,105694.99435,105219.016892,20.0,0.74
2023-05-03,105946.982416,105331.011588,105331.011588,104071.071258,140.0,-0.76
2023-05-04,104379.056672,105275.01424,105275.01424,103315.10706,140.0,-1.48
2023-05-05,106954.93468,102867.12827599999,105974.98109,102363.152144,23960.0,2.47
2023-05-08,104659.043412,105303.012914,106366.96252599999,102727.13490599999,15390.0,-2.15
2023-05-09,105275.01424,105107.02219599999,106002.979764,103343.10573400001,20.0,0.59
2023-05-10,104967.028826,106002.979764,106002.979764,106002.979764,0.0,-0.29
2023-05-11,104043.07258400001,104155.06728,104211.064628,103875.08054,10.0,-0.88
2023-05-12,104155.06728,103595.0938,104575.04738999999,103595.0938,30.0,0.11
2023-05-15,108102.88031400001,107766.896226,107766.896226,107766.896226,10.0,3.79
2023-05-16,106590.95191799999,109754.80208,110062.787494,109754.80208,10.0,-1.4
2023-05-17,106310.965178,106114.97446,106114.97446,106114.97446,0.0,-0.26
2023-05-18,106646.949266,104239.063302,104715.04076,102671.137558,12730.0,0.32
2023-05-19,107514.90815999999,104267.061976,108858.844512,104267.061976,23730.0,0.81
2023-05-22,105946.982416,106954.93468,108494.86175,104463.05269400001,22890.0,-1.46
2023-05-23,104967.028826,105974.98109,106562.953244,103987.07523599999,16810.0,-0.92
2023-05-24,105275.01424,105303.012914,106058.97711200001,104491.051368,13610.0,0.29
2023-05-25,102307.15479599999,105387.008936,105499.003632,101719.182642,24480.0,-2.82
2023-05-26,101691.183968,102363.152144,103483.09910400001,100963.218444,19570.0,-0.6
2023-05-30,99171.303308,100823.225074,101775.17999,98499.33513200001,27460.0,-2.48
2023-05-31,100039.262202,99199.301982,100683.231704,98303.344414,24940.0,0.88
2023-06-01,102503.145514,100599.235682,103427.10175599999,100515.23965999999,22530.0,2.46
2023-06-02,100963.218444,102643.138884,105163.01954400001,100263.251594,27030.0,-1.5
2023-06-05,102531.14418799999,100767.227726,102867.12827599999,100431.243638,18230.0,1.55
2023-06-06,102251.157448,102531.14418799999,103539.096452,101663.18529400001,19020.0,-0.27
2023-06-07,103819.083192,102811.130928,104491.051368,102279.156122,28690.0,1.53
2023-06-08,109110.832578,104267.061976,109838.798102,103371.104408,34150.0,5.1
2023-06-09,106758.943962,110090.78616799999,110090.78616799999,105722.99302400001,38480.0,-2.16
2023-06-12,103903.07921400001,106534.95457,107738.89755200001,103623.092474,18580.0,-2.68
2023-06-13,102335.15347,103987.07523599999,104575.04738999999,101859.176012,12750.0,-1.51
2023-06-14,103259.109712,102223.15877400001,103455.10043,101495.19325,7870.0,0.9
2023-06-15,104715.04076,103455.10043,105303.012914,103427.10175599999,9260.0,1.41
2023-06-16,103539.096452,105107.02219599999,105443.006284,103203.112364,8150.0,-1.12
2023-06-20,99367.29402599999,103651.09114799999,104015.07390999999,98779.321872,11000.0,-4.03
2023-06-21,96315.43856,100179.25557200001,100207.254246,94607.51944599999,2930.0,-3.07
2023-06-22,96147.446516,97267.393476,97407.386846,94971.50220799999,70.0,-0.17
2023-06-23,94103.54331400001,94019.547292,94579.520772,93235.58442,110.0,-2.13
2023-06-26,94047.54596599999,94075.54464,94719.514142,93235.58442,20.0,-0.06
2023-06-27,94887.506186,94271.535358,94831.508838,92703.609614,20.0,0.89
2023-06-28,92759.606962,95447.479666,95643.470384,92395.6242,50.0,-2.24
2023-06-29,91611.661328,92395.6242,92703.609614,90771.701108,10.0,-1.24
2023-06-30,90155.73028,92899.600332,92899.600332,92815.60431,0.0,-1.59
2023-07-03,90995.6905,92507.618896,92507.618896,92507.618896,0.0,0.93
2023-07-05,90183.728954,90855.69713,90855.69713,90855.69713,10.0,-0.89
2023-07-06,90911.69447799999,89567.75812599999,92563.616244,89175.77669,50.0,0.81
2023-07-07,91163.68254400001,92395.6242,92395.6242,92395.6242,0.0,0.28
2023-07-10,90575.71039,91583.662654,91639.660002,91583.662654,0.0,-0.64
2023-07-11,89203.775364,89119.77934200001,89315.77006,88475.80984,50.0,-1.51
2023-07-12,88895.78995,88531.80718799999,89175.77669,87607.85094599999,14070.0,-0.35
2023-07-13,89231.774038,89987.73823599999,89987.73823599999,89987.73823599999,0.0,0.38
2023-07-14,90687.70508599999,90967.691826,90967.691826,90575.71039,80.0,1.63
2023-07-17,86655.89603,88503.808514,88503.808514,87075.87614,0.0,-4.45
2023-07-18,86935.88277,87103.87481400001,88447.811166,86823.888074,21810.0,0.32
2023-07-19,85367.95702599999,85311.959678,85339.958352,85283.96100400001,0.0,-1.8
2023-07-20,88503.808514,87075.87614,89595.7568,86935.88277,19010.0,3.67
2023-07-21,90631.707738,88783.79525400001,90771.701108,87635.84962,18700.0,2.4
2023-07-24,91275.67724,90239.726302,92647.612266,90183.728954,20330.0,0.71
2023-07-25,90631.707738,90939.693152,91751.654698,90323.722324,15910.0,-0.71
2023-07-26,91359.673262,90323.722324,91751.654698,89175.77669,15700.0,0.8
2023-07-27,90407.718346,92059.64011200001,92339.626852,89623.755474,16870.0,-1.04
2023-07-28,88419.812492,90323.722324,90659.706412,88111.827078,14780.0,-2.2
2023-07-31,92199.633482,88419.812492,92955.59768,88419.812492,23120.0,4.27
2023-08-01,92143.636134,92451.621548,93739.560552,90743.702434,20150.0,-0.06
2023-08-02,93487.57248599999,92143.636134,94047.54596599999,91135.68387,22310.0,1.46
2023-08-03,92255.63083,93151.58839799999,94243.536684,91835.65072,17790.0,-1.32
2023-08-04,90351.72099799999,91835.65072,92395.6242,90155.73028,20240.0,-2.06
2023-08-07,91807.65204599999,90239.726302,92339.626852,89623.755474,27410.0,1.61
2023-08-08,90351.72099799999,90799.699782,91219.679892,89343.76873400001,25990.0,-1.59
2023-08-09,90015.73690999999,90631.707738,90939.693152,89595.7568,26490.0,-0.37
2023-08-10,89539.759452,89903.74221400001,91611.661328,89147.778016,28310.0,-0.53
2023-08-11,88363.81514400001,89063.781994,89287.771386,87355.86288,27620.0,-1.31
2023-08-14,84611.992828,88195.8231,88643.801884,84388.003436,21140.0,-4.25
2023-08-15,83576.04189,84471.99945799999,84723.98752400001,82876.07504,11860.0,-1.22
2023-08-16,83380.051172,83856.02863,84416.00211,82736.08167,8370.0,-0.23
2023-08-17,82316.10156,83408.049846,84024.020674,81644.133384,5000.0,-1.28
2023-08-18,82568.08962599999,82288.102886,83660.037912,81224.15327400001,4870.0,0.31
2023-08-21,82624.086974,82652.085648,85003.974264,82400.097582,6150.0,0.07
2023-08-22,82092.11216799999,82820.077692,84220.011392,81812.125428,4500.0,-0.64
2023-08-23,85647.943766,83240.057802,85591.94641799999,82932.072388,1090.0,4.33
2023-08-24,85675.94244,86123.921224,86375.90929,84779.984872,50.0,0.03
2023-08-25,84975.97559,86235.91592,86235.91592,86235.91592,0.0,-0.82
2023-08-28,85003.974264,85647.943766,85815.93581,85395.9557,10.0,0.03
2023-08-29,84751.986198,85311.959678,85703.941114,83912.02597799999,40.0,-0.3
2023-08-30,85871.933158,83996.022,86067.92387599999,83996.022,20.0,1.32
2023-08-31,85507.95039599999,86039.925202,86039.925202,85675.94244,60.0,-0.42
2023-09-01,84527.996806,84835.98222,84835.98222,84611.992828,10.0,-1.15
2023-09-05,84779.984872,82848.076366,85395.9557,82848.076366,30.0,0.3
2023-09-06,84975.97559,85787.937136,86795.8894,84583.994154,16410.0,0.23
2023-09-07,82540.090952,85759.938462,85787.937136,83716.03526,14460.0,-2.87
2023-09-08,81896.12145,84499.99813200001,84639.991502,82904.07371400001,14750.0,-0.78
2023-09-11,84863.98089400001,82904.07371400001,85927.93050599999,82484.09360400001,23130.0,3.62
2023-09-12,84388.003436,84863.98089400001,84863.98089400001,83072.065758,10.0,-0.56
2023-09-13,84583.994154,84863.98089400001,84863.98089400001,84863.98089400001,60.0,0.23
2023-09-14,85731.939788,85115.96896,86683.894704,83604.04056400001,19380.0,1.36
2023-09-15,88615.80321,86179.91857200001,89875.74354,85871.933158,27890.0,3.36
2023-09-18,88867.79127599999,88559.80586200001,90211.727628,88559.80586200001,23430.0,0.28
2023-09-19,93795.5579,90995.6905,97155.39878,90995.6905,0.0,5.55
2023-09-20,88587.804536,89819.746192,90519.713042,88279.819122,17550.0,-5.55
2023-09-21,86711.893378,88475.80984,88895.78995,86515.90265999999,17110.0,-2.12
2023-09-22,84639.991502,86655.89603,87187.87083599999,84024.020674,19800.0,-2.39
2023-09-25,83324.053824,84164.01404400001,85171.966308,82960.071062,20310.0,-1.55
2023-09-26,84471.99945799999,83324.053824,85199.964982,83128.06310599999,19690.0,1.38
2023-09-27,83576.04189,84248.01006599999,84276.00874,82624.086974,20450.0,-1.06
2023-09-28,82428.09625599999,83408.049846,84136.01537,82008.11614599999,20340.0,-1.37
2023-09-29,81840.124102,82316.10156,82596.0883,81168.15592599999,21780.0,-0.71
2023-10-02,83492.045868,81756.12808,84779.984872,81644.133384,23830.0,2.02
2023-10-03,83296.05515,83520.044542,83940.02465200001,82456.09492999999,13620.0,-0.23
2023-10-04,81952.118798,82820.077692,83408.049846,81700.130732,15830.0,-1.61
2023-10-05,81420.143992,81784.12675400001,82596.0883,81196.1546,13750.0,-0.65
2023-10-06,81784.12675400001,81420.143992,82204.106864,80888.169186,16600.0,0.45
2023-10-09,81784.12675400001,81784.12675400001,82820.077692,81084.159904,15680.0,0.0
2023-10-10,82596.0883,81588.136036,83100.064432,80468.189076,26190.0,0.99
2023-10-11,82708.082996,82680.08432200001,83660.037912,81812.125428,16440.0,0.14
2023-10-12,83604.04056400001,82792.07901799999,83940.02465200001,82344.10023400001,19480.0,1.08
2023-10-13,86739.892052,83604.04056400001,87159.872162,83548.04321599999,35240.0,3.75
2023-10-16,86319.911942,86739.892052,87439.858902,85171.966308,24900.0,-0.48
2023-10-17,87943.835034,86235.91592,88447.811166,85367.95702599999,27000.0,1.88
2023-10-18,88503.808514,87999.83238200001,89315.77006,87719.845642,25580.0,0.64
2023-10-19,91807.65204599999,88559.80586200001,92059.64011200001,88559.80586200001,36620.0,3.73
2023-10-20,92535.61757,91499.66663200001,93403.57646400001,90855.69713,37010.0,0.79
2023-10-23,92871.601658,91415.67061,93515.57115999999,91415.67061,24140.0,0.36
2023-10-24,94159.540662,92731.608288,94551.522098,92423.62287400001,21860.0,1.39
2023-10-25,90883.695804,93935.55127,94663.51679400001,90127.73160599999,30190.0,-3.48
2023-10-26,90267.724976,90463.715694,91611.661328,89763.748844,17690.0,-0.68
2023-10-27,90127.73160599999,90267.724976,91415.67061,89707.751496,13030.0,-0.16
2023-10-30,89091.78066799999,89623.755474,90239.726302,88811.793928,19460.0,-1.15
2023-10-31,93683.563204,89063.781994,93823.556574,88923.78862400001,29750.0,5.15
2023-11-01,89483.76210400001,92955.59768,93599.567182,88895.78995,29120.0,-4.48
2023-11-02,92591.61491799999,89987.73823599999,93403.57646400001,89595.7568,24720.0,3.47
2023-11-03,95699.467732,93235.58442,95951.455798,93011.595028,22290.0,3.36
2023-11-06,97267.393476,95335.48497,97491.382868,94327.532706,23510.0,1.64
2023-11-07,95615.47171,97099.401432,97239.394802,94719.514142,28860.0,-1.7
2023-11-08,97631.376238,95671.469058,98555.33248,95671.469058,32140.0,2.11
2023-11-09,100123.258224,98611.329828,100235.25292,98275.34574,26460.0,2.55
2023-11-10,97715.37226,99675.27944,100095.25955,96847.413366,24190.0,-2.4
2023-11-13,100039.262202,96651.42264799999,100487.24098599999,95923.45712400001,12840.0,2.38
2023-11-14,98807.32054599999,100151.25689799999,100319.248942,98471.33645799999,9700.0,-1.23
2023-11-15,101243.205184,99115.30596,101859.176012,97995.359,8510.0,2.47
2023-11-16,98611.329828,101635.18662,102027.168056,98387.340436,7170.0,-2.6
2023-11-17,95727.46640599999,98471.33645799999,99031.30993799999,95447.479666,4410.0,-2.92
2023-11-20,99619.28209200001,96119.44784200001,100571.237008,95195.4916,5210.0,4.07
2023-11-21,98863.317894,98919.315242,99619.28209200001,98023.357674,340.0,-0.76
2023-11-22,100039.262202,98807.32054599999,100347.247616,97715.37226,290.0,1.19
2023-11-24,100039.262202,99311.296678,101355.19988,99311.296678,140.0,0.0
2023-11-27,100627.23435599999,99003.311264,102419.149492,99003.311264,50.0,0.59
2023-11-28,102839.129602,102671.137558,102671.137558,102643.138884,10.0,2.2
2023-11-29,101971.17070799999,103035.12032,103035.12032,101103.21181400001,30.0,-0.84
2023-11-30,109194.8286,102111.164078,109586.810036,102111.164078,20.0,7.08
2023-12-01,108578.857772,104015.07390999999,105555.00098,99787.27413599999,49480.0,-0.56
2023-12-04,105778.990372,106142.973134,106142.973134,104631.044738,20.0,-2.58
2023-12-05,108550.859098,105555.00098,106562.953244,105555.00098,40.0,2.62
2023-12-06,103735.08717,107766.896226,107766.896226,104071.071258,10.0,-4.44
2023-12-07,103875.08054,105946.982416,106730.945288,104911.03147799999,10.0,0.13
2023-12-08,103679.08982200001,104855.03413,104855.03413,104855.03413,0.0,-0.19
2023-12-11,108634.85512,108494.86175,108494.86175,108494.86175,0.0,4.78
2023-12-12,107038.930702,105387.008936,107122.926724,105387.008936,30.0,-1.47
2023-12-13,108998.837882,110454.76893,110566.76362599999,110454.76893,10.0,1.83
2023-12-14,112050.693348,110538.764952,113534.62307,110538.764952,0.0,2.8
2023-12-15,113002.648264,113254.63633,113590.62041799999,112722.66152400001,50.0,0.85
2023-12-18,117342.44273400001,105890.985068,108550.859098,104603.04606400001,14940.0,3.84
2023-12-19,113338.632352,108186.87633599999,114178.59257200001,107122.926724,24390.0,-3.41
2023-12-20,106730.945288,112470.67345799999,113282.63500400001,106170.971808,26870.0,-5.83
2023-12-21,108410.86572799999,106394.9612,110538.764952,105582.999654,22630.0,1.57
2023-12-22,107962.88694400001,107626.90285599999,108774.84849,105946.982416,12280.0,-0.41
2023-12-26,108830.845838,107962.88694400001,109418.817992,107486.90948599999,6730.0,0.8
2023-12-27,110734.75567,109138.831252,111966.697326,108662.85379400001,16050.0,1.75
2023-12-28,110874.74904,110174.78219,112750.660198,109278.824622,12010.0,0.13
2023-12-29,105443.006284,110426.77025599999,110958.745062,103959.076562,18780.0,-4.9
2024-01-02,106478.957222,105638.997002,107822.893574,105638.997002,15070.0,0.98
2024-01-03,104295.06065,106814.94131,106982.93335400001,103483.09910400001,14580.0,-2.05
2024-01-04,103903.07921400001,104631.044738,105051.024848,103623.092474,11160.0,-0.38
2024-01-05,102363.152144,104071.071258,105023.026174,101943.172034,17960.0,-1.48
2024-01-08,101579.189272,101747.18131599999,102867.12827599999,100515.23965999999,20570.0,-0.77
2024-01-09,103091.11766799999,103007.121646,104575.04738999999,102335.15347,15660.0,1.49
2024-01-10,101439.195902,103203.112364,103483.09910400001,101019.215792,20460.0,-1.6
2024-01-11,103063.118994,102055.16673,105247.01556599999,101327.201206,25950.0,1.6
2024-01-12,100795.2264,102755.13358,104631.044738,100235.25292,22100.0,-2.2
2024-01-16,103735.08717,101915.17336,104771.038108,101663.18529400001,19770.0,2.92
2024-01-17,100347.247616,103539.096452,103679.08982200001,99871.270158,21950.0,-3.27
2024-01-18,100767.227726,101075.21313999999,102111.164078,98303.344414,21870.0,0.42
2024-01-19,103679.08982200001,101915.17336,104239.063302,101719.182642,16740.0,2.89
2024-01-22,107654.90153,103287.10838599999,108158.877662,102755.13358,24810.0,3.83
2024-01-23,108046.88296599999,107654.90153,108914.84186,105610.998328,22040.0,0.36
2024-01-24,106086.975786,108522.860424,109614.80871,105331.011588,24250.0,-1.81
2024-01-25,104687.04208599999,106366.96252599999,106674.94794,103231.111038,22140.0,-1.32
2024-01-26,108550.859098,104827.035456,109082.833904,104155.06728,20940.0,3.69
2024-01-29,105974.98109,107990.885618,108830.845838,105638.997002,18400.0,-2.37
2024-01-30,108634.85512,106450.958548,110566.76362599999,105862.986394,24470.0,2.51
2024-01-31,108662.85379400001,108634.85512,109502.814014,107542.90683400001,19760.0,0.03
2024-02-01,108746.84981599999,108298.871032,109362.820644,107038.930702,25790.0,0.08
2024-02-02,107486.90948599999,108746.84981599999,109222.82727400001,106674.94794,21290.0,-1.16
2024-02-05,106114.97446,106814.94131,107682.900204,105555.00098,19510.0,-1.28
2024-02-06,105387.008936,105750.991698,105946.982416,104155.06728,24110.0,-0.69
2024-02-07,106786.94263599999,106058.97711200001,107402.91346400001,105666.99567599999,36790.0,1.33
2024-02-08,105722.99302400001,106646.949266,106674.94794,105471.00495799999,38550.0,-1.0
2024-02-09,109922.79412400001,106534.95457,110314.77556,106422.95987400001,36010.0,3.97
2024-02-12,109530.81268799999,109390.819318,111238.73180200001,107542.90683400001,14810.0,-0.36
2024-02-13,108074.88163999999,109222.82727400001,110370.772908,107318.917442,10710.0,-1.33
2024-02-14,104743.039434,107514.90815999999,107514.90815999999,104519.050042,10600.0,-3.08
2024-02-15,106002.979764,105722.99302400001,106730.945288,104827.035456,8210.0,1.2
2024-02-16,106870.938658,106954.93468,107374.91479,105359.010262,10450.0,0.82
2024-02-20,107290.91876799999,107738.89755200001,110846.750366,106170.971808,10720.0,0.39
2024-02-21,111070.739758,110650.75964799999,111406.723846,109390.819318,400.0,3.52
2024-02-22,108550.859098,110566.76362599999,110874.74904,108354.86838,140.0,-2.27
2024-02-23,106954.93468,108578.857772,108578.857772,106786.94263599999,140.0,-1.47
2024-02-26,106450.958548,106842.93998400001,107430.912138,106394.9612,50.0,-0.47
2024-02-27,108662.85379400001,107010.932028,107822.893574,105582.999654,90.0,2.08
2024-02-28,108270.872358,107962.88694400001,108298.871032,107542.90683400001,100.0,-0.36
2024-02-29,109670.806058,101411.19722799999,103987.07523599999,100935.21977,19190.0,1.29
2024-03-01,108522.860424,108382.867054,108382.867054,107514.90815999999,20.0,-1.05
2024-03-04,110538.764952,111546.71721599999,111658.711912,111546.71721599999,20.0,1.86
2024-03-05,109194.8286,111294.72915,111294.72915,109642.807384,30.0,-1.22
2024-03-06,108886.843186,109082.833904,109138.831252,106394.9612,40.0,-0.28
2024-03-07,111070.739758,104547.04871599999,109054.83523,103455.10043,30460.0,2.01
2024-03-08,107178.92407200001,109670.806058,109670.806058,106954.93468,0.0,-3.5
2024-03-11,108830.845838,108242.873684,109138.831252,107234.92142,30.0,1.54
2024-03-12,109418.817992,110146.783516,110818.751692,109390.819318,10.0,0.54
2024-03-13,107318.917442,109586.810036,109754.80208,107514.90815999999,40.0,-1.92
2024-03-14,107150.92539799999,106394.9612,107094.92805,105862.986394,20.0,-0.16
2024-03-15,102391.150818,103007.121646,103651.09114799999,101943.172034,15280.0,-4.44
2024-03-18,101831.177338,102335.15347,104239.063302,101579.189272,16940.0,-0.55
2024-03-19,102503.145514,101495.19325,102671.137558,100431.243638,21060.0,0.66
2024-03-20,102139.162752,102279.156122,103259.109712,101719.182642,14720.0,-0.36
2024-03-21,103987.07523599999,102951.124298,105499.003632,102503.145514,23120.0,1.81
2024-03-22,103511.097778,104155.06728,105387.008936,103343.10573400001,21360.0,-0.46
2024-03-25,103959.076562,103679.08982200001,104295.06065,102671.137558,19000.0,0.43
2024-03-26,105303.012914,103959.076562,106086.975786,103763.085844,21860.0,1.29
2024-03-27,106758.943962,105303.012914,107794.8949,104799.036782,32259.999999999996,1.38
2024-03-28,105750.991698,106982.93335400001,107066.92937599999,105023.026174,21240.0,-0.94
2024-04-01,107402.91346400001,105275.01424,107906.889596,105107.02219599999,19150.0,1.56
2024-04-02,110734.75567,106926.93600599999,111098.738432,106814.94131,39260.0,3.1
2024-04-03,114010.600528,110146.783516,115998.506382,109922.79412400001,40340.0,2.96
2024-04-04,115774.51699,115522.528924,116446.485166,113394.6297,32100.0,1.55
2024-04-05,118994.3645,114850.56074799999,119834.32472,114346.584616,45070.0,2.78
2024-04-08,118210.40162799999,118798.373782,121178.26107200001,117286.44538599999,45970.0,-0.66
2024-04-09,119582.336654,117370.441408,120254.30483,117370.441408,40360.0,1.16
2024-04-10,120198.307482,119750.328698,120898.274332,118462.38969400001,24660.0,0.52
2024-04-11,123390.156318,120562.290244,124202.117864,119890.322068,26110.0,2.66
2024-04-12,125798.042282,123726.14040599999,132265.735976,122914.17886,31230.0,1.95
2024-04-15,129661.85929400001,124118.12184200001,131845.755866,122802.184164,15670.0,3.07
2024-04-16,132573.72139,132013.74791,134113.64846,130389.824818,12610.0,2.25
2024-04-17,138845.424366,132937.704152,139601.388564,132377.730672,8750.0,4.73
2024-04-18,134309.63917799998,141169.314308,142065.27187599998,134113.64846,5470.0,-3.27
2024-04-19,135177.598072,136437.538402,138733.42967,133385.682936,5190.0,0.65
2024-04-22,129717.856642,134925.610006,134925.610006,128681.905704,950.0,-4.04
2024-04-23,125714.04626,126917.989242,126917.989242,125490.056868,130.0,-3.09
2024-04-24,127925.94150599999,128373.92029,128373.92029,126749.997198,70.0,1.76
2024-04-25,129885.848686,129269.87785799999,129633.86061999999,129269.87785799999,30.0,1.53
2024-04-26,129129.884488,130193.8341,130193.8341,130193.8341,0.0,-0.58
2024-04-29,130781.80625400001,131033.79432,131033.79432,131033.79432,20.0,1.28
2024-04-30,123558.148362,120730.282288,121934.22527,120730.282288,20.0,-5.52
2024-05-01,122662.19079400001,124538.101952,124538.101952,120786.27963599999,10.0,-0.73
2024-05-02,116838.466602,122074.21863999999,122074.21863999999,122074.21863999999,10.0,-4.75
2024-05-03,115298.539532,116334.49047,117006.458646,116194.4971,70.0,-1.32
2024-05-06,112386.677436,113674.61644,113674.61644,111686.71058599999,10.0,-2.53
2024-05-07,111434.72252,110090.78616799999,110090.78616799999,110090.78616799999,0.0,-0.85
2024-05-08,112134.68937,112918.652242,112918.652242,112106.69069599999,10.0,0.63
2024-05-09,114066.597876,113282.63500400001,115018.552792,113282.63500400001,0.0,1.72
2024-05-10,114458.579312,112554.66948,114010.600528,111322.727824,20650.0,0.34
2024-05-13,112218.685392,111994.696,111994.696,111994.696,0.0,-1.96
2024-05-14,113590.62041799999,111574.71588999999,111574.71588999999,111434.72252,0.0,1.22
2024-05-15,112694.66285,113282.63500400001,113282.63500400001,113282.63500400001,0.0,-0.79
2024-05-16,111742.707934,111658.711912,112190.686718,110174.78219,10990.0,-0.84
2024-05-17,116558.47986200001,111098.738432,115998.506382,110818.751692,18360.0,4.31
2024-05-20,117202.449364,115298.539532,116446.485166,114038.599202,19960.0,0.55
2024-05-21,121626.23985599999,115914.51036,122690.189468,115550.527598,29460.0,3.77
2024-05-22,123446.153666,122438.201402,123838.135102,121318.254442,22050.0,1.5
2024-05-23,120758.280962,123754.13908,124202.117864,118742.376434,24020.0,-2.18
2024-05-24,122214.21201,120562.290244,123306.16029599999,119302.349914,15830.0,1.21
2024-05-28,129325.875206,123194.1656,130585.815536,122774.18549,29780.0,5.82
2024-05-29,128485.91498599999,128233.92692,132293.73465,127701.952114,25750.0,-0.65
2024-05-30,130473.82084,127813.94681,131845.755866,126274.01974,20870.0,1.55
2024-05-31,124510.103278,131089.791668,133133.69487,123502.151014,29760.0,-4.57
2024-06-03,126861.991894,123838.135102,128401.91896400001,123698.141732,18580.0,1.89
2024-06-04,130977.796972,126610.003828,131145.789016,125182.071454,24660.0,3.24
2024-06-05,129885.848686,128933.89377,130613.81421,126749.997198,29240.0,-0.83
2024-06-06,131145.789016,129913.84736,134281.640504,129801.852664,30870.0,0.97
2024-06-07,125882.038304,130725.80890599999,131089.791668,125210.07012799999,49020.0,-4.01
2024-06-10,123978.128472,125994.033,126805.99454599999,122662.19079400001,33330.0,-1.51
2024-06-11,123502.151014,124090.12316799999,125826.040956,122550.196098,30590.0,-0.38
2024-06-12,125630.050238,122830.182838,127309.970678,120394.2982,33750.0,1.72
2024-06-13,126582.005154,125630.050238,128401.91896400001,125490.056868,13550.0,0.76
2024-06-14,125518.055542,126274.01974,127309.970678,124846.08736599999,10930.0,-0.84
2024-06-17,127197.975982,126386.014436,127421.965374,124902.08471400001,9360.0,1.34
2024-06-18,126721.99852400001,127393.9667,128037.936202,124594.0993,9740.0,-0.37
2024-06-20,128933.89377,128121.932224,132657.717412,127673.95344,390.0,1.75
2024-06-21,126861.991894,128457.916312,130277.830122,126861.991894,50.0,-1.61
2024-06-24,133273.68824,129689.857968,132937.704152,129689.857968,60.0,5.05
2024-06-25,129465.868576,132797.710782,132825.70945599998,129353.87388,20.0,-2.86
2024-06-26,126749.997198,130361.826144,130417.823492,126610.003828,20.0,-2.1
2024-06-27,127813.94681,128429.917638,128429.917638,128429.917638,0.0,0.84
2024-06-28,128205.928246,125714.04626,128289.924268,125714.04626,10.0,0.31
2024-07-01,126945.987916,126693.99985,126693.99985,125630.050238,110.0,-0.98
2024-07-02,128289.924268,129437.869902,130501.819514,129073.88713999999,10.0,1.06
2024-07-03,126526.007806,127701.952114,127701.952114,127701.952114,0.0,-1.37
2024-07-05,128961.89244400001,127953.94018,130501.819514,126749.997198,17560.0,1.93
2024-07-08,132265.735976,132545.722716,132545.722716,132545.722716,0.0,2.56
2024-07-09,141113.31696,130837.803602,141309.30767799998,130557.816862,38890.0,6.69
2024-07-10,137585.48403599998,139433.39652,139433.39652,138929.420388,0.0,-2.5
2024-07-11,138173.45619,138369.44690799998,138369.44690799998,138369.44690799998,0.0,0.43
2024-07-12,140245.358066,137613.48271,139825.37795599998,135065.60337599998,19840.0,1.5
2024-07-15,136717.525142,139601.388564,139713.38326,139153.40978,0.0,-2.52
2024-07-16,137417.491992,136269.546358,137669.480058,135625.576856,12560.0,0.51
2024-07-17,138509.440278,137473.48934,138313.44956,135401.587464,17470.0,0.79
2024-07-18,136297.545032,136409.539728,137417.491992,134673.62194,14400.0,-1.6
2024-07-19,133385.682936,135429.58613799998,135429.58613799998,130809.804928,20950.0,-2.14
2024-07-22,136101.554314,133105.696196,136941.51453400002,132433.72802,15360.0,2.04
2024-07-23,133889.659068,135793.5689,136129.55298799998,133413.68161,13520.0,-1.63
2024-07-24,129437.869902,133273.68824,133609.672328,129101.88581400001,29800.0,-3.32
2024-07-25,131425.775756,129549.864598,131845.755866,127981.938854,26640.0,1.54
2024-07-26,128933.89377,130221.83277400001,130473.82084,128681.905704,13310.0,-1.9
2024-07-29,129017.889792,128989.891118,130809.804928,127729.950788,16270.0,0.07
2024-07-30,129241.879184,129269.87785799999,130585.815536,127813.94681,15920.0,0.17
2024-07-31,128345.92161599999,129073.88713999999,131817.757192,127169.977308,22040.0,-0.69
2024-08-01,127253.97333,128345.92161599999,129437.869902,126134.02636999999,19190.0,-0.85
2024-08-02,129073.88713999999,127253.97333,129773.85399,126805.99454599999,16950.0,1.43
2024-08-05,126386.014436,127309.970678,127617.95609200001,123754.13908,24820.0,-2.08
2024-08-06,132125.74260599999,128709.90437799999,133749.665698,128541.91233400001,31480.0,4.54
2024-08-07,137921.468124,131789.758518,138873.42304,131733.76117,40130.0,4.39
2024-08-08,137361.494644,137333.49597,140973.32358999999,136129.55298799998,37130.0,-0.41
2024-08-09,131061.792994,137361.494644,137781.474754,130053.84073,44480.0,-4.59
2024-08-12,134869.612658,137473.48934,139685.384586,133973.65509,25850.0,2.91
2024-08-13,130305.82879599999,132041.746584,132797.710782,128849.89774799999,24080.0,-3.38
2024-08-14,132713.71476,130333.82747,133805.663046,129941.846034,10300.0,1.85
2024-08-15,134337.637852,132601.720064,134589.625918,131201.786364,7420.0,1.22
2024-08-16,137445.490666,133889.659068,137641.481384,133581.673654,8500.0,2.31
2024-08-19,137697.478732,137473.48934,139881.37530400002,135849.566248,5270.0,0.18
2024-08-20,139685.384586,138817.425692,142513.25066,137641.481384,5940.0,1.44
2024-08-21,139685.384586,138313.44956,141673.29044,136633.52912,4070.0000000000005,0.0
2024-08-22,138201.454864,141841.282484,141841.282484,136913.51585999998,250.0,-1.06
2024-08-23,140665.338176,138201.454864,140749.334198,137221.501274,50.0,1.78
2024-08-26,142037.273202,139657.385912,141813.28381,139097.412432,10.0,0.98
2024-08-27,145257.12071199997,145117.127342,147637.008002,142597.246682,60.0,2.27
2024-08-28,145845.092866,145033.13132,145061.12999400002,145033.13132,10.0,0.4
2024-08-29,141001.32226400002,144865.139276,144865.139276,140161.362044,50.0,-3.32
2024-08-30,138985.417736,143045.225466,143073.22414,140161.362044,20.0,-1.43
2024-09-03,138173.45619,138117.458842,138117.458842,138117.458842,20.0,-0.58
2024-09-04,137501.488014,138005.46414599998,138005.46414599998,137809.473428,0.0,-0.49
2024-09-05,138089.460168,136465.53707599998,139181.40845400002,135653.57553,14980.0,0.43
2024-09-06,134421.633874,138033.46282,138033.46282,134393.6352,0.0,-2.66
2024-09-09,139685.384586,133329.685588,137865.470776,133329.685588,20060.0,3.92
2024-09-10,138873.42304,137697.478732,140693.33685,137053.50923,17360.0,-0.58
2024-09-11,139685.384586,138789.427018,138789.427018,138789.427018,0.0,0.58
2024-09-12,141113.31696,138397.44558200001,140525.34480599998,137921.468124,14570.0,1.02
2024-09-13,146741.050434,146573.05839,146573.05839,146573.05839,0.0,3.99
2024-09-16,145061.12999400002,144473.15784,152200.791864,144221.169774,24440.0,-1.14
2024-09-17,148392.9722,147944.99341599998,148420.970874,147944.99341599998,0.0,2.3
2024-09-18,147357.021262,148784.953636,148784.953636,148784.953636,0.0,-0.7
2024-09-19,146517.061042,145929.088888,147273.02524,144081.176404,14170.0,-0.57
2024-09-20,140413.35011,146601.057064,146769.049108,138705.43099599998,23780.0,-4.17
2024-09-23,147637.008002,141057.319612,148056.988112,140049.367348,21100.0,5.14
2024-09-24,149960.897944,147637.008002,151416.828992,147105.033196,19280.0,1.57
2024-09-25,150688.86346800003,149512.91916,151864.807776,147385.019936,15050.0,0.49
2024-09-26,153376.73617199998,150492.87275,154020.705674,150044.893966,15570.0,1.78
2024-09-27,150716.862142,152312.78656,152956.756062,148168.982808,14950.0,-1.73
2024-09-30,151332.83297,150156.88866199998,152396.78258199999,147888.996068,18340.0,0.41
2024-10-01,147916.99474199998,151080.844904,152004.80114599998,146433.06502,19960.0,-2.26
2024-10-02,143633.19762,148672.95894,149792.9059,143213.21751,24170.0,-2.9
2024-10-03,141141.315634,144445.159166,144753.14458,140777.332872,16850.0,-1.73
2024-10-04,144109.175078,142149.267898,144333.16447,141113.31696,14340.0,2.1
2024-10-07,136997.511882,141589.294418,142037.273202,136269.546358,26380.0,-4.93
2024-10-08,138985.417736,138901.421714,139377.399172,136661.527794,16059.999999999998,1.45
2024-10-09,140021.368674,138733.42967,141617.293092,138089.460168,14320.0,0.75
2024-10-10,142653.24403,138901.421714,143969.18170800002,138537.438952,15930.0,1.88
2024-10-11,141141.315634,142373.25729,143605.198946,140553.34348,13850.0,-1.06
2024-10-14,146741.050434,140581.342154,147077.03452199997,140161.362044,16920.0,3.97
2024-10-15,143745.192316,146545.059716,147916.99474199998,142989.228118,14780.0,-2.04
2024-10-16,144473.15784,144473.15784,145341.116734,142681.242704,13090.0,0.51
2024-10-17,142877.233422,143969.18170800002,146153.07828,141897.279832,13290.0,-1.1
2024-10-18,144081.176404,142233.26392,145089.12866800002,141729.287788,11060.0,0.84
2024-10-21,140945.32491599998,141953.27718,142261.262594,138901.421714,16920.0,-2.18
2024-10-22,139909.373978,141393.3037,143185.218836,139181.40845400002,17530.0,-0.73
2024-10-23,141309.30767799998,139573.38989,142149.267898,138537.438952,15430.0,1.0
2024-10-24,137445.490666,141057.319612,143409.208228,136689.526468,21960.0,-2.73
2024-10-25,139097.412432,137669.480058,139293.40315,136857.518512,15940.0,1.2
2024-10-28,141309.30767799998,138453.44293,143157.220162,137893.46945,17940.0,1.59
2024-10-29,138929.420388,141785.285136,142373.25729,138789.427018,13580.0,-1.68
2024-10-30,139769.380608,139265.404476,140301.35541400002,137277.498622,16870.0,0.6
2024-10-31,137697.478732,139433.39652,139713.38326,136829.519838,17380.0,-1.48
2024-11-01,136045.556966,137921.468124,139573.38989,135121.60072400002,23120.0,-1.2
2024-11-04,137725.477406,136549.53309799999,138061.46149400002,135569.579508,24030.0,1.23
2024-11-05,140077.366022,138061.46149400002,141253.31033,137753.47608,28770.0,1.71
2024-11-06,139293.40315,139209.407128,140441.348784,136717.525142,24330.0,-0.56
2024-11-07,145817.094192,140077.366022,146377.06767199998,139713.38326,38860.0,4.68
2024-11-08,141869.281158,144473.15784,145565.106126,141533.29707,43850.0,-2.71
2024-11-11,143465.20557599998,141869.281158,144865.139276,141869.281158,27430.0,1.12
2024-11-12,147581.010654,143773.19099,149176.935072,143745.192316,23930.0,2.87
2024-11-13,152116.795842,147217.02789199998,152844.761366,146013.08491,16030.000000000002,3.07
2024-11-14,156204.602246,152116.795842,159620.440474,151724.814406,9890.0,2.69
2024-11-15,157800.526664,153964.708326,158976.47097199998,153964.708326,10320.0,1.02
2024-11-18,157212.55451,159172.46169,162504.303896,155868.618158,7710.0,-0.37
2024-11-19,156652.58103,157744.529316,160824.38345599998,155532.63407,6890.0,-0.36
2024-11-20,165360.16864400002,161272.36224,166284.124886,160320.407324,250.0,5.56
2024-11-21,167236.079802,167992.044,167992.044,165612.15671,90.0,1.13
2024-11-22,170931.90477,166060.13549400002,171491.87825,166060.13549400002,40.0,2.21
2024-11-25,172667.822558,172639.823884,175159.704544,172051.85173,80.0,1.02
2024-11-26,174795.72178199998,173619.777474,175271.69924,173619.777474,20.0,1.23
2024-11-27,182635.350502,179191.5136,184511.26166,178995.522882,30.0,4.49
2024-11-29,180115.469842,187311.12906,187591.1158,181599.399564,1140.0,-1.38
2024-12-02,167544.065216,178127.563988,178127.563988,166648.107648,30.0,-6.98
2024-12-03,166704.10499599998,167068.087758,169923.952506,164492.20975,50.0,-0.5
2024-12-04,171323.886206,171687.86896800002,171687.86896800002,171239.89018400002,20.0,2.77
2024-12-05,176811.62631,174011.75891,174963.713826,172387.83581800002,0.0,3.2
2024-12-06,186191.1821,176923.621006,185743.203316,175663.680676,26340.0,5.3
2024-12-09,186079.187404,186079.187404,186079.187404,186079.187404,27650.0,-0.06
2024-12-10,187955.098562,192546.881098,194506.78827800002,192462.885076,20.0,1.01
2024-12-11,180143.468516,180143.468516,180143.468516,180143.468516,23420.0,-4.16
2024-12-12,180647.444648,180647.444648,180647.444648,180647.444648,17450.0,0.28
2024-12-13,179667.491058,179667.491058,179667.491058,179667.491058,15430.0,-0.54
2024-12-16,184091.28154999999,183811.29481,183811.29481,183811.29481,0.0,2.46
2024-12-17,182243.36906599998,180647.444648,180647.444648,180647.444648,0.0,-1.0
2024-12-18,186555.16486199998,186555.16486199998,186555.16486199998,186555.16486199998,17910.0,2.37
2024-12-19,181291.41415,186275.17812199998,191398.935464,180031.47381999998,26440.0,-2.82
2024-12-20,181991.381,182271.36774,184511.26166,178631.54012,15020.0,0.39
2024-12-23,183251.32133,181991.381,184651.25503,179667.491058,10320.0,0.69
2024-12-24,184007.285528,183139.326634,184539.260334,180339.459234,7210.0,0.41
2024-12-26,181795.39028199998,184791.2484,185631.20862,180507.45127800002,7160.0,-1.2
2024-12-27,180675.44332199998,181235.416802,182271.36774,178295.556032,11070.0,-0.62
2024-12-30,179751.48708,180395.45658199998,181347.411498,177399.598464,12650.0,-0.51
2024-12-31,179051.52023,178547.544098,179919.479124,174795.72178199998,14690.0,-0.39
2025-01-02,183027.33193800002,180059.47249400002,184679.253704,179051.52023,14740.0,2.22
2025-01-03,178435.54940199998,181851.38763,182691.34785,177875.575922,11890.0,-2.51
2025-01-06,178407.550728,178435.54940199998,184007.285528,177539.591834,15990.0,-0.02
2025-01-07,179471.50034,179555.49636199998,180927.431388,177931.57327,12720.0,0.6
2025-01-08,177203.607746,179555.49636199998,181599.399564,176335.64885199998,21110.0,-1.26
2025-01-09,178351.55338,179751.48708,180311.46056,177315.60244199997,14250.0,0.65
2025-01-10,181347.411498,178911.52686,182467.358458,177931.57327,15990.0,1.68
2025-01-13,182523.35580599998,180815.436692,186947.146298,180367.457908,19360.0,0.65
2025-01-14,180283.461886,182271.36774,184147.27889800002,179779.485754,16250.0,-1.23
2025-01-15,185043.236466,180591.4473,185463.216576,179779.485754,12300.0,2.64
2025-01-16,183195.32398199997,185099.233814,185939.19403400001,182103.375696,12580.0,-1.0
2025-01-17,183867.292158,184175.277572,186163.183426,182495.35713199998,12500.0,0.37
2025-01-21,183559.306744,185015.237792,188291.08265,183167.325308,16309.999999999998,-0.17
2025-01-22,191426.934138,185463.216576,192042.904966,183391.3147,20010.0,4.29
2025-01-23,192602.878446,191510.93016,195374.74717199997,189747.01369800002,20100.0,0.61
2025-01-24,194618.782974,193190.8506,195878.723304,191454.93281199998,13670.0,1.05
2025-01-27,195542.739216,195290.75115,199098.570814,193302.84529599998,19560.0,0.47
2025-01-28,200190.5191,197418.65037400002,200974.48197199998,194198.802864,15980.0,2.38
2025-01-29,205258.279094,201730.44617,206882.20218599998,201142.474016,22490.0,2.53
2025-01-30,209094.09743199998,206070.24064,211026.00593800002,204586.310918,20670.0,1.87
2025-01-31,211585.979418,212789.9224,213377.894554,205062.28837599998,25870.0,1.19
2025-02-03,213293.898532,210466.032458,217801.685046,209094.09743199998,25160.0,0.81
2025-02-04,214665.833558,215645.787148,218333.65985199998,213293.898532,19980.0,0.64
2025-02-05,222729.45167,216093.76593199998,224605.362828,213685.87996800002,26190.0,3.76
2025-02-06,226201.287246,225109.33896,230289.09365,223261.426476,25380.0,1.56
2025-02-07,226425.276638,225809.30581,231801.022046,223961.393326,25610.0,0.1
2025-02-10,235804.83242800002,224073.388022,237484.752868,224073.388022,36680.0,4.14
2025-02-11,226453.27531199998,237988.729,240760.59772599998,224577.364154,35480.0,-3.97
2025-02-12,235300.85629599998,227321.234206,235832.831102,226957.251444,28360.0,3.91
2025-02-13,238044.726348,233508.94116,238940.68391599998,230961.061826,28270.0,1.17
2025-02-14,228133.195752,236448.80193,237372.75817199997,223345.422498,27180.0,-4.16
2025-02-18,226929.25277,227349.23288,229169.14669,219145.62139800002,33570.0,-0.53
2025-02-19,230653.076412,230149.10027999998,237708.74226,229281.141386,24490.0,1.64
2025-02-20,218333.65985199998,229701.12149599998,229701.12149599998,216625.74073800002,29230.0,-5.34
2025-02-21,217969.67709,218389.6572,220629.55112,214945.820298,16850.0,-0.17
2025-02-24,215477.79510400002,217969.67709,219733.59355199998,212901.917096,14260.0,-1.14
2025-02-25,210494.03113199997,215477.79510400002,216037.768584,207330.18097,19950.0,-2.31
2025-02-26,210102.049696,208758.113344,211417.98737400002,205118.28572400002,14590.0,-0.19
2025-02-27,209206.09212800002,208086.14516800002,214273.85212199998,206658.212794,12180.0,-0.43
2025-02-28,208898.106714,209934.057652,212257.947594,207022.195556,12800.0,-0.15
2025-03-03,216513.74604199998,210382.036436,218361.65852599998,210382.036436,15930.0,3.65
2025-03-04,223093.43443199998,218305.661178,224857.350894,215925.77388800003,19500.0,3.04
2025-03-05,229561.128126,225109.33896,234376.900054,225109.33896,21230.0,2.9
2025-03-06,216793.73278199998,226817.258074,228413.182492,216009.76991,20870.0,-5.56
2025-03-07,215253.80571199997,217829.68372,219537.602834,212257.947594,16309.999999999998,-0.71
2025-03-10,215029.81631999998,216709.73676,219285.614768,213265.89985800002,12980.0,-0.1
2025-03-11,220489.55775,215421.79775599999,221469.51134,213909.86936,13050.0,2.54
2025-03-12,216569.74339,220629.55112,221973.48747199998,214553.83886199998,17150.0,-1.78
2025-03-13,215981.771236,217717.689024,219341.612116,211138.000634,18700.0,-0.27
2025-03-14,213965.86670800002,213965.86670800002,213965.86670800002,213965.86670800002,16670.0,-0.93
2025-03-17,218025.67443800002,214329.84947,214329.84947,214329.84947,10.0,1.9
2025-03-18,216793.73278199998,216149.76327999998,219481.605486,214861.824276,20.0,-0.57
2025-03-19,220965.53520800002,220713.547142,220713.547142,220685.54846800002,20.0,1.92
2025-03-20,219593.600182,217997.675764,222645.455648,216177.76195400002,14040.0,-0.62
2025-03-21,219173.620072,219509.60416,221609.50471,216429.75002,12380.0,-0.19
2025-03-24,220293.567032,219201.618746,225333.32835199998,218725.641288,13310.0,0.51
2025-03-25,223177.43045400002,220321.565706,224549.36548,219565.60150800002,12350.0,1.31
2025-03-26,219509.60416,223989.392,227013.248792,217577.695654,14380.0,-1.64
2025-03-27,212117.95422400002,219509.60416,219565.60150800002,210326.03908800002,21790.0,-3.37
2025-03-28,212761.92372599998,213237.90118400002,215477.79510400002,211417.98737400002,15500.0,0.3
2025-03-31,212649.92903,212789.9224,216373.75267199997,211977.960854,14170.0,-0.05
2025-04-01,217857.682394,212369.94229,219201.618746,208450.12793,18430.0,2.45
2025-04-02,217745.68769800002,217857.682394,220461.559076,213993.865382,13890.0,-0.05
2025-04-03,215729.78317,216373.75267199997,218949.63068,211054.004612,16450.0,-0.93
2025-04-04,204782.301636,216457.748694,218025.67443800002,204334.32285199998,24920.0,-5.07
2025-04-07,193078.855904,202990.3865,204110.33346,189607.020328,37080.0,-5.72
2025-04-08,192014.906292,193190.8506,196074.71402199997,190670.96994,25850.0,-0.55
2025-04-09,191342.938116,191034.95270199998,198090.61854999998,182103.375696,28740.0,-0.35
2025-04-10,191986.907618,201646.450148,202430.41302,191594.926182,20190.0,0.34
2025-04-11,200302.51379599998,193722.825406,201982.434236,191286.940768,23380.0,4.33
2025-04-14,200750.49258,200190.5191,203746.35069800002,197166.662308,19260.0,0.22
2025-04-15,205594.263182,202038.431584,207414.176992,202038.431584,19850.0,2.41
2025-04-16,209318.086824,204950.29368,210970.00859,202738.398434,12910.0,1.81
2025-04-17,208646.118648,210018.053674,211921.963506,205622.261856,12500.0,-0.32
2025-04-21,204138.332134,208170.14119,210858.013894,202878.391804,10470.0,-2.16
2025-04-22,208730.11467,205258.279094,210270.04174,202990.3865,11580.0,2.25
2025-04-23,216009.76991,210270.04174,218697.642614,209710.06826,14100.0,3.49
2025-04-24,223317.423824,215029.81631999998,223877.397304,213601.883946,14880.0,3.38
2025-04-25,223905.39597800002,222057.48349400001,229869.11354,221637.503384,17480.0,0.26
2025-04-28,229617.125474,221693.500732,230317.092324,220041.578966,13630.0,2.55
2025-04-29,223877.397304,229589.1268,234572.89077199998,222141.479516,14530.0,-2.5
2025-04-30,224409.37211,224101.386696,227965.20370800002,221861.492776,11810.0,0.24
2025-05-01,215393.79908199998,223457.417194,223597.410564,214133.85875199997,14290.0,-4.02
2025-05-02,215813.779192,216541.744716,219929.58427,213769.87599,10040.0,0.19
2025-05-05,217409.70361,214133.85875199997,219509.60416,212537.934334,8160.0,0.74
2025-05-06,218305.661178,216177.76195400002,220629.55112,215085.81366800002,9960.0,0.41
2025-05-07,215085.81366800002,218025.67443800002,220209.57100999999,214189.8561,10780.0,-1.47
2025-05-08,216905.72747800002,215925.77388800003,217241.71156599998,214021.864056,8220.0,0.85
2025-05-09,217129.71687,216513.74604199998,219061.62537599998,215701.78449599998,9490.0,0.1
2025-05-12,208842.109366,217269.71024,218445.65454800002,208450.12793,18730.0,-3.82
2025-05-13,215505.79377800002,212789.9224,212789.9224,212789.9224,30.0,3.19
2025-05-14,209402.082846,212089.95554999998,212089.95554999998,209290.08815,30.0,-2.83
2025-05-15,215561.791126,209990.055,214469.84284,209990.055,20.0,2.94
2025-05-16,210690.02185,215113.812342,215113.812342,210354.037762,110.0,-2.26
2025-05-19,210634.024502,211585.979418,211977.960854,211585.979418,30.0,-0.03
2025-05-20,206798.206164,209430.08152,212369.94229,206182.23533599998,9930.0,-1.82
2025-05-21,207358.17964400002,207190.1876,210102.049696,205174.283072,7630.0,0.27
2025-05-22,202010.43291,206322.228706,206322.228706,201142.474016,14750.0,-2.58
2025-05-23,202150.42627999999,202542.407716,203270.37324,198930.57877,10660.0,0.07
2025-05-27,202542.407716,201086.47666800002,204306.324178,199098.570814,12120.0,0.19
2025-05-28,197082.666286,201142.474016,201618.451474,196074.71402199997,15420.0,-2.7
2025-05-29,195094.76043199998,197642.63976599998,200078.524404,194394.79358199998,13380.0,-1.01
2025-05-30,191762.91822599998,195206.75512800002,196550.69148,191062.95137599998,14940.0,-1.71
2025-06-02,192882.86518599998,190614.97259199998,194450.79093,189523.02430599998,16730.0,0.58
2025-06-03,190866.96065800003,191650.92353,192658.875794,188459.074694,13970.0,-1.05
2025-06-04,193834.820102,190866.96065800003,194702.77899599998,190138.995134,12780.0,1.55
2025-06-05,201450.45943,194954.767062,202514.40904199998,194618.782974,20190.0,3.93
2025-06-06,200498.504514,202850.39313,210774.017872,199518.550924,25710.0,-0.47
2025-06-09,201254.46871199997,198706.589378,202626.40373800002,197362.65302599999,19180.0,0.38
2025-06-10,197698.637114,201394.46208199998,207414.176992,196886.675568,21690.0,-1.77
2025-06-11,195206.75512800002,197978.623854,199546.549598,194506.78827800002,15310.0,-1.26
2025-06-12,193358.84264400002,194422.792256,195738.729934,192238.89568400002,20100.0,-0.95
2025-06-13,193750.82408,192210.89701,194982.765736,187199.134364,24240.0,0.2
2025-06-16,190530.97657,193694.826732,195878.723304,189971.00308999998,13760.0,-1.66
2025-06-17,186163.183426,191846.91424800002,192658.875794,185127.232488,18700.0,-2.29
2025-06-18,180479.452604,185015.237792,185463.216576,178099.565314,21660.0,-3.05
2025-06-20,176419.644874,180787.43801800002,184035.28420199998,174627.72973800002,18790.0,-2.25
2025-06-23,182859.339894,174459.737694,183419.313374,174459.737694,15880.0,3.65
2025-06-24,174347.742998,182551.35448,182551.35448,174151.75228,17650.0,-4.65
2025-06-25,170511.92466,177791.5799,180647.444648,168328.02808800002,21730.0,-2.2
2025-06-26,171155.89416199998,170399.929964,172611.82521,168971.99758999998,11130.0,0.38
2025-06-27,170091.94455,170651.91803,171939.85703400002,164156.22566199998,14740.0,-0.62
2025-06-30,168048.041348,169615.96709199998,172107.849078,166620.108974,11580.0,-1.2
2025-07-01,163484.257486,167096.08643199998,167992.044,161272.36224,16070.0,-2.72
2025-07-02,163064.27737599998,162420.307874,163652.24953,156568.58500800002,18320.0,-0.26
2025-07-03,162168.319808,162392.3092,164632.20312,159200.460364,11060.0,-0.55
2025-07-07,155812.62081,161048.372848,162028.32643800002,155420.639374,16730.0,-3.92
2025-07-08,159928.425888,156232.60092,160348.405998,155252.64733,15700.0,2.64
2025-07-09,159060.46699400002,159648.439148,161384.356936,157464.54257599998,12450.0,-0.54
2025-07-10,161160.367544,156036.61020199998,164940.18853400002,155448.63804800002,21640.0,1.32
2025-07-11,160432.40202,161664.343676,166648.107648,159620.440474,16560.0,-0.45
2025-07-14,169027.99493800002,160656.391412,170035.94720199998,160628.39273800002,20550.0,5.36
2025-07-15,168888.001568,168888.001568,168888.001568,168888.001568,12380.0,-0.08
2025-07-16,176139.658134,175019.711174,175019.711174,175019.711174,10.0,4.29
2025-07-17,174991.7125,174991.7125,174991.7125,174991.7125,13300.0,-0.65
2025-07-18,172975.80797199998,172975.80797199998,172975.80797199998,172975.80797199998,11400.0,-1.15
2025-07-21,166452.11693,166452.11693,166452.11693,166452.11693,13130.0,-3.77
2025-07-22,165948.140798,163484.257486,167180.08245400002,160012.42191,11510.0,-0.3
2025-07-23,168748.00819800003,166816.099692,169391.9777,163988.233618,10600.0,1.69
2025-07-24,170707.915378,167572.06389,172023.853056,167124.08510599998,10890.0,1.16
2025-07-25,166620.108974,170791.9114,172163.846426,166452.11693,10080.0,-2.39
2025-07-28,168943.99891599998,167992.044,171351.88488,167320.075824,12050.0,1.39
2025-07-29,166032.13681999999,168692.01085,168971.99758999998,161804.337046,15270.0,-1.72
2025-07-30,164296.219032,166676.10632199998,168999.99626400002,162700.294614,12570.0,-1.05
2025-07-31,165640.155384,166312.12356,170007.948528,164660.201794,12200.0,0.82
2025-08-01,159144.463016,164688.20046800002,166340.122234,158836.477602,15430.0,-3.92
2025-08-04,161580.347654,160768.386108,164660.201794,160180.41395400002,13110.0,1.53
2025-08-05,167264.078476,161972.32908999998,167768.054608,161300.36091400002,16400.0,3.52
2025-08-06,164296.219032,166620.108974,168076.04002199997,163540.254834,14570.0,-1.77
2025-08-07,166760.102344,166424.118256,167628.06123800002,163792.2429,18680.0,1.5
2025-08-08,173227.796038,166760.102344,173563.780126,166760.102344,27800.0,3.88
2025-08-11,175859.671394,167992.044,177847.57724800002,167516.066542,32619.999999999996,1.52
2025-08-12,172639.823884,176251.65283,179359.50564400002,170063.94587599998,21360.0,-1.83
2025-08-13,175075.70852199997,173731.77217,177847.57724800002,173115.801342,23610.0,1.41
2025-08-14,178463.548076,175215.70189199998,179751.48708,172891.81195,19760.0,1.94
2025-08-15,187143.137016,179247.510948,188599.068064,178183.56133599998,23840.0,4.86
2025-08-18,188179.08795400002,187479.121104,190166.993808,182299.36641400002,21840.0,0.55
2025-08-19,195458.743194,189299.03491400002,197138.663634,189047.046848,24000.0,3.87
2025-08-20,197922.626506,196018.716674,200358.51114400002,193470.83734,26470.0,1.26
2025-08-21,204390.3202,197474.647722,204950.29368,196690.68485,20440.0,3.27
2025-08-22,211837.967484,204334.32285199998,213041.910466,202906.39047800002,19040.0,3.64
2025-08-25,211529.98207,211753.971462,216765.734108,209794.06428199998,14730.0,-0.15
2025-08-26,208478.126604,210018.053674,210718.020524,203774.349372,17500.0,-1.44
2025-08-27,215757.781844,207862.155776,216457.748694,204278.325504,19180.0,3.49
2025-08-28,211389.9887,214469.84284,219117.62272400002,209822.06295599998,18440.0,-2.02
2025-08-29,216205.76062800002,211669.97544,217661.691676,207778.159754,17720.0,2.28
2025-09-02,207386.17831800002,211165.999308,213853.87201199998,204670.30694,21610.0,-4.08
2025-09-03,209234.090802,207750.16108,212229.94892,206378.226054,12450.0,0.89
2025-09-04,209654.070912,208030.14781999998,213741.877316,205846.25124800002,15390.0,0.2
2025-09-05,209234.090802,209038.100084,210606.025828,206182.23533599998,10120.0,-0.2
2025-09-08,215505.79377800002,207750.16108,216065.767258,206658.212794,15880.0,3.0
2025-09-09,213797.874664,216149.76327999998,220069.57764,213041.910466,14400.0,-0.79
2025-09-10,216653.739412,214357.84814400002,218221.665156,213545.886598,12050.0,1.34
2025-09-11,216205.76062800002,215701.78449599998,217661.691676,213965.86670800002,11410.0,-0.21
2025-09-12,229953.109562,229953.109562,229953.109562,229953.109562,18540.0,6.36
2025-09-15,242104.534078,236812.784692,238072.725022,236812.784692,20.0,5.28
2025-09-16,236448.80193,240060.63087599998,241516.561924,236308.80856,20.0,-2.34
2025-09-17,217577.695654,217577.695654,217577.695654,217577.695654,28920.0,-7.98
2025-09-18,216065.767258,216065.767258,216065.767258,216065.767258,18180.0,-0.69
2025-09-19,205230.28042,213797.874664,215253.80571199997,199490.55225,25300.0,-5.01
2025-09-22,205706.257878,206742.208816,207274.18362199998,201898.438214,12990.0,0.23
2025-09-23,196074.71402199997,204670.30694,206546.218098,195682.732586,25340.0,-4.68
2025-09-24,205930.24727,197054.667612,206490.22075,196522.692806,18070.0,5.03
2025-09-25,207946.151798,208030.14781999998,211893.964832,202290.41965,14510.0,0.98
2025-09-26,211697.974114,209990.055,215029.81631999998,208646.118648,14480.0,1.8
2025-09-29,208422.129256,213377.894554,217437.702284,207358.17964400002,14280.0,-1.55
2025-09-30,209906.05897800002,208982.102736,213181.90383599998,207470.17434,13060.0,0.71
2025-10-01,214973.81897199998,208506.12527800002,215449.79643,205286.277768,13230.0,2.41
2025-10-02,211725.972788,215729.78317,216261.757976,210046.052348,8360.0,-1.51
2025-10-03,218809.63731,214609.83621,219705.594878,213377.894554,12450.0,3.35
2025-10-06,213545.886598,215533.792452,218585.647918,211389.9887,13520.0,-2.41
2025-10-07,210214.04439199998,213685.87996800002,214077.861404,208394.13058199998,12080.0,-1.56
2025-10-08,215645.787148,211026.00593800002,216261.757976,209402.082846,12510.0,2.58
2025-10-09,211249.99533,215869.77654,217241.71156599998,210942.00991599998,10120.0,-2.04
2025-10-10,208898.106714,210998.007264,214385.84681800002,207526.171688,12380.0,-1.11
2025-10-13,215701.78449599998,208982.102736,216765.734108,208982.102736,12110.0,3.26
2025-10-14,223793.40128199998,214665.833558,226929.25277,213573.88527199998,20990.0,3.75
2025-10-15,221133.52725199997,223821.39995599998,234348.90138,218473.653222,21020.0,-1.19
2025-10-16,220517.556424,217745.68769800002,226257.284594,216009.76991,13000.0,-0.28
2025-10-17,222561.459626,220041.578966,225053.341612,216289.75665,14470.0,0.93
2025-10-20,227377.231554,224717.357524,229617.125474,224717.357524,10300.0,2.16
2025-10-21,231577.032654,226341.280616,232388.9942,225221.333656,11820.0,1.85
2025-10-22,235664.839058,232948.96768,239108.67596,231689.02735,16420.0,1.77
2025-10-23,229673.12282199998,236812.784692,245240.38556599998,228469.17984,21410.0,-2.54
2025-10-24,225669.31244,230177.09895400002,231997.012764,223961.393326,13970.0,-1.74
2025-10-27,218445.65454800002,222309.47156,224353.374762,217493.69963199997,13780.0,-3.2
2025-10-28,217213.71289199998,218389.6572,221189.5246,213013.911792,16870.0,-0.56
2025-10-29,218781.638636,218865.63465800002,219761.59222599998,213993.865382,13190.0,0.72
2025-10-30,219509.60416,221021.532556,221021.532556,214385.84681800002,12550.0,0.33
2025-10-31,219537.602834,220377.563054,222085.48216800002,215589.7898,10840.0,0.01
2025-11-03,227713.215642,219929.58427,229253.14271199997,219929.58427,15570.0,3.72
2025-11-04,226929.25277,228497.178514,232920.969006,225781.307136,13460.0,-0.34
2025-11-05,231605.031328,225865.30315800002,234096.913314,225669.31244,19190.0,2.06
2025-11-06,222169.47819,232668.98094,233088.96104999998,221609.50471,18050.0,-4.07
2025-11-07,228357.18514400002,223457.417194,231073.056522,220433.56040199997,20880.0,2.79
2025-11-10,232249.00083,228637.171884,233256.953094,227629.21962,18280.0,1.7
2025-11-11,236700.78999599998,232249.00083,237400.756846,229981.108236,15230.0,1.92
2025-11-12,226033.29520199998,232948.96768,235496.847014,224325.37608800002,24210.0,-4.51
2025-11-13,224941.34691599998,225249.33233,226929.25277,223037.437084,9690.0,-0.48
2025-11-14,223877.397304,224101.386696,225641.31376599998,218389.6572,7810.0,-0.47
2025-11-17,210886.012568,211669.97544,214357.84814400002,206714.210142,20410.0,-5.8
2025-11-18,217101.718196,211138.000634,218613.64659199998,210522.029806,21320.0,2.95
2025-11-19,209906.05897800002,215309.80306,216289.75665,208982.102736,12070.0,-3.31
2025-11-20,210914.01124199998,210326.03908800002,213825.873338,209682.069586,9250.0,0.48
2025-11-21,206882.20218599998,201478.458104,210018.053674,196914.67424199998,25460.0,-1.91
2025-11-24,210858.013894,208310.13456,211977.960854,206238.23268400002,11380.0,1.92
2025-11-25,214637.834884,212733.92505199998,215029.81631999998,209234.090802,11310.0,1.79
2025-11-26,212621.930356,212817.921074,214469.84284,210298.04041400002,8820.0,-0.94
2025-11-28,213461.890576,212957.914444,215589.7898,211529.98207,8510.0,0.4
2025-12-01,212621.930356,210830.01522,213601.883946,207442.175666,11460.0,-0.39
2025-12-02,209122.09610599998,211921.963506,213237.90118400002,208310.13456,11880.0,-1.65
2025-12-03,208562.122626,209430.08152,211110.00196,208086.14516800002,8960.0,-0.27
2025-12-04,213069.90914,209430.08152,213349.89588,207974.15047199998,11530.0,2.16
2025-12-05,209906.05897800002,210942.00991599998,211893.964832,209010.10141,9380.0,-1.48
2025-12-08,205062.28837599998,208982.102736,211529.98207,204306.324178,15780.0,-2.31
2025-12-09,206490.22075,206938.199534,209542.076216,205706.257878,11610.0,0.7
2025-12-10,208478.126604,206350.22738,210970.00859,205370.27379,12470.0,0.96
2025-12-11,210662.023176,207946.151798,212705.926378,207946.151798,12060.0,1.05
2025-12-12,206798.206164,210074.051022,212201.950246,206182.23533599998,14380.0,-1.83
2025-12-15,217101.718196,222589.4583,222589.4583,216149.76327999998,10.0,4.98
2025-12-16,212397.940964,213909.86936,214917.821624,213909.86936,40.0,-2.17
2025-12-17,197054.667612,212341.943616,212397.940964,199994.528382,60.0,-7.22
2025-12-18,193442.838666,193442.838666,193442.838666,193442.838666,14220.0,-1.83
2025-12-19,190754.965962,194086.80816800002,195178.75645400002,190390.9832,19770.0,-1.39
2025-12-22,194506.78827800002,191006.954028,195710.73126,189859.008394,13070.0,1.97
2025-12-23,194282.798886,195990.718,197334.65435199998,193526.834688,11080.0,-0.12
2025-12-24,193274.84662199998,194926.768388,195234.753802,192098.902314,6220.0,-0.52
2025-12-26,196130.71137,193638.829384,196382.699436,192798.869164,7350.0,1.48
2025-12-29,197194.66098199997,195710.73126,198398.603964,194338.796234,9180.0,0.54
2025-12-30,196102.712696,196298.70341400002,201198.471364,195710.73126,11560.0,-0.55
2025-12-31,195290.75115,195710.73126,198146.61589800002,194898.769714,6580.0,-0.41
2026-01-02,200078.524404,195094.76043199998,200498.504514,193302.84529599998,11470.0,2.45
2026-01-05,201226.470038,198538.597334,201954.435562,196326.70208800002,16950.0,0.57
2026-01-06,209346.085498,200582.50053599998,209598.073564,199798.537664,26360.0,4.04
2026-01-07,210242.04306599998,207946.151798,214385.84681800002,207750.16108,20430.0,0.43
2026-01-08,208506.12527800002,208898.106714,214945.820298,208114.143842,15420.0,-0.83
2026-01-09,200274.51512199998,208506.12527800002,208814.110692,199378.557554,18740.0,-3.95
2026-01-12,199378.557554,200246.516448,200946.483298,197558.643744,12670.0,-0.45
2026-01-13,201730.44617,201058.47799400002,203578.358654,199714.541642,16540.0,1.18
2026-01-14,199350.55888,203186.377218,203466.363958,198090.61854999998,13980.0,-1.18
2026-01-15,200526.503188,199294.561532,201030.47931999998,196326.70208800002,12330.0,0.59
2026-01-16,198958.577444,200806.48992800002,202318.418324,198566.59600800002,10710.0,-0.78
2026-01-20,194030.81081999998,198118.61722400002,199154.56816199998,193498.836014,16720.0,-2.48
2026-01-21,194590.7843,193918.816124,194982.765736,191398.935464,18700.0,0.29
2026-01-22,194702.77899599998,194254.80021199997,196074.71402199997,192770.87049,12190.0,0.06
2026-01-23,196494.69413199998,194730.77767,198986.576118,194226.801538,12670.0,0.92
2026-01-26,199490.55225,196858.676894,201030.47931999998,196830.67822,12740.0,1.52
2026-01-27,205650.26053,200022.527056,207190.1876,199910.53236,18390.0,3.09
2026-01-28,196550.69148,207750.16108,208618.119974,195878.723304,21410.0,-4.42
2026-01-29,193470.83734,196858.676894,197418.65037400002,192966.86120800002,15060.0,-1.57
2026-01-30,186051.18873,192910.86386,193470.83734,185295.224532,25470.0,-3.84
2026-02-02,186611.16221,185771.20199,189411.02961,185351.22188,16010.000000000002,0.3
2026-02-03,177567.59050800002,187899.101214,189131.04287,176279.651504,24080.0,-4.85
2026-02-04,172835.814602,178855.52951199998,181879.386304,171967.85570800002,29010.0,-2.66
2026-02-05,172695.821232,173675.77482199998,175271.69924,168888.001568,24240.0,-0.08
2026-02-06,166060.13549400002,174739.724434,176391.6462,164436.21240199998,29510.0,-3.84
2026-02-09,164548.207098,161244.36356599999,166284.124886,159872.42854,33930.0,-0.91
2026-02-10,162784.290636,165360.16864400002,166816.099692,161860.334394,31420.0,-1.07
2026-02-11,163988.233618,162952.28268,165444.164666,162224.317156,27290.0,0.74
2026-02-12,166564.111626,165192.1766,167936.046652,164016.23229199997,25830.0,1.57
2026-02-13,167040.089084,167292.07715,171267.88885800002,165836.146102,18590.0,0.29
2026-02-17,158528.492188,165220.175274,166424.118256,156876.570422,27320.0,-5.1
2026-02-18,159676.43782199998,158892.47495,160852.38213,157128.558488,18580.0,0.72
2026-02-19,159816.431192,159704.43649599998,161244.36356599999,154356.689762,19420.0,0.09
2026-02-20,159984.423236,161356.358262,163204.270746,157324.549206,15320.0,0.11
2026-02-23,155700.626114,159032.46831999999,159872.42854,155140.652634,12620.0,-2.68
2026-02-24,159872.42854,155000.65926400002,160040.420584,154188.697718,15970.0,2.68
2026-02-25,159508.44577800002,159592.4418,160572.39539,157212.55451,10740.0,-0.23
2026-02-26,158080.513404,159256.45771199997,159788.43251800002,156904.569096,9370.0,-0.9
2026-02-27,157212.55451,157212.55451,158248.505448,154608.677828,13700.0,-0.55
2026-03-02,159368.452408,156736.57705199998,160124.41660599998,155420.639374,15590.0,1.37
2026-03-03,158556.49086199998,159396.45108199999,162896.285332,156176.603572,17580.0,-0.51
2026-03-04,160292.40865,158752.48158,162140.321134,158136.51075199997,15420.0,1.09
2026-03-05,161720.341024,160740.387434,165752.15008,159592.4418,14730.0,0.89
2026-03-06,164240.22168400002,164772.19649,166592.1103,162196.31848199997,15610.0,1.56
2026-03-09,166256.12621199997,166284.124886,168916.00024199998,164156.22566199998,17560.0,1.23
2026-03-10,165640.155384,165192.1766,166452.11693,163540.254834,14880.0,-0.37
2026-03-11,160936.378152,164408.213728,164632.20312,158752.48158,18380.0,-2.84
